name,mean_DN_HistogramMode_5,std_DN_HistogramMode_5,mean_DN_HistogramMode_10,std_DN_HistogramMode_10,mean_CO_f1ecac,std_CO_f1ecac,mean_CO_FirstMin_ac,std_CO_FirstMin_ac,mean_CO_HistogramAMI_even_2_5,std_CO_HistogramAMI_even_2_5,mean_CO_trev_1_num,std_CO_trev_1_num,mean_MD_hrv_classic_pnn40,std_MD_hrv_classic_pnn40,mean_SB_BinaryStats_mean_longstretch1,std_SB_BinaryStats_mean_longstretch1,mean_SB_TransitionMatrix_3ac_sumdiagcov,std_SB_TransitionMatrix_3ac_sumdiagcov,mean_PD_PeriodicityWang_th0_01,std_PD_PeriodicityWang_th0_01,mean_CO_Embed2_Dist_tau_d_expfit_meandiff,std_CO_Embed2_Dist_tau_d_expfit_meandiff,mean_IN_AutoMutualInfoStats_40_gaussian_fmmi,std_IN_AutoMutualInfoStats_40_gaussian_fmmi,mean_FC_LocalSimple_mean1_tauresrat,std_FC_LocalSimple_mean1_tauresrat,mean_DN_OutlierInclude_p_001_mdrmd,std_DN_OutlierInclude_p_001_mdrmd,mean_DN_OutlierInclude_n_001_mdrmd,std_DN_OutlierInclude_n_001_mdrmd,mean_SP_Summaries_welch_rect_area_5_1,std_SP_Summaries_welch_rect_area_5_1,mean_SB_BinaryStats_diff_longstretch0,std_SB_BinaryStats_diff_longstretch0,mean_SB_MotifThree_quantile_hh,std_SB_MotifThree_quantile_hh,mean_SC_FluctAnal_2_rsrangefit_50_1_logi_prop_r1,std_SC_FluctAnal_2_rsrangefit_50_1_logi_prop_r1,mean_SC_FluctAnal_2_dfa_50_1_2_logi_prop_r1,std_SC_FluctAnal_2_dfa_50_1_2_logi_prop_r1,mean_SP_Summaries_welch_rect_centroid,std_SP_Summaries_welch_rect_centroid,mean_FC_LocalSimple_mean3_stderr,std_FC_LocalSimple_mean3_stderr,mean_DN_Mean,std_DN_Mean,mean_DN_Spread_Std,std_DN_Spread_Std,label_mean,label_median,label_standard_deviation,label_minimum,label_maximum,label_root_mean_square,time_series_length,number_examples,number_dimensions
AcousticContaminationMadrid-no-missing,0.0331113202936262,0.584309065664869,0.0371989258496002,0.3775621408580369,4.138287629291015,6.115462972416643,3.974789915966386,1.4404841907372183,0.0887082501558507,0.0690542113050461,-0.1830355704479886,0.7945996816713178,0.9382676147382027,0.0350299255122422,22.89075630252101,13.480013163576338,0.0312790731091925,0.0258359618956135,5.411764705882353,1.9027258849808537,0.1116827122953729,0.0568359801470925,2.96218487394958,1.3231291911895549,0.0550121855417488,0.086057079117349,-0.0701853344077357,0.4246328658168235,0.0276677794405433,0.3254528869159352,0.5065795484103294,0.1291253676887573,8.130252100840336,7.723412562923039,2.030290662873917,0.0856410233799786,0.5380952380952381,0.2905792371036389,0.4992530345471522,0.2838943059535936,0.5811080161167166,0.3336524240061362,0.9090146993125036,0.1086752308495304,60.85345688960516,4.649836362615982,1.877319738632612,0.5260391846973729,81.22058823529412,79.8,6.601657901537857,66.9,104.5,81.48843991840889,365,238,1
AluminiumConcentration,-0.4080831612300979,0.8968859815200055,-0.500631293993778,0.8008014707609977,248.48105173925768,46.52335402840128,866.5389507154213,293.652786696585,1.4135895346556049,0.0527738900249593,-4.827762353792405e-06,9.796820468198258e-05,0.0305664369835492,0.0154951488456856,663.1891891891892,198.34158394366568,0.0785351180559648,0.0250202899396583,8.152623211446741,74.25457165749245,8.495692793408171,2.8828270746216957,40.0,0.0,0.0837968323760158,0.0469927941869332,-0.6918850747818212,0.1176803302547031,0.2440331524193235,0.0434987949241382,0.9988113240953236,0.0003983351128782,139.6073131955485,55.30640200121531,1.1367853359347275,0.008109867982725,0.3468738846890107,0.0903859377733935,0.2375977417994225,0.1012379272676043,0.0037483759475045,0.0009578465480937,0.0306473857069769,0.0078634641821386,1.482193758223463,0.1410552838541587,0.4139486196272716,0.0328272647333994,841.3564594594594,752.0,472.030562048816,5.76,2722.0,964.72459457727,2542,629,1
AppliancesEnergy,-0.0514746822475081,0.7461217000721757,-0.0442482788667927,0.7992536998530948,18.200035439781924,7.135859293872588,55.81386861313869,24.52935383146208,0.942899142933094,0.2187456479658735,0.0255783287782558,0.1269020326184769,0.4708362240315984,0.1506080971614753,55.61472915398661,19.618719921699338,0.0785628071666289,0.0489491201666936,17.430048661800488,18.702904447994687,2.383857689974052,1.9100562259073068,26.50973828362751,9.6593404062108,0.4497464578532885,0.3878193411005519,-0.0015459102590112,0.5904301227997641,0.0944389497531615,0.5626732760042591,0.9627744915638772,0.0370445673405016,17.452525867315885,15.296044842961477,1.2903455418015488,0.1578074916797786,0.5867706041169218,0.2905736340007143,0.6583563525133824,0.2067941498977109,0.0672598758121052,0.0426821502500127,0.2234865970965964,0.1374966685397743,60.317878992757656,146.1775862363176,2.712325749418562,4.010436755568755,14.062043795620438,13.21,4.0509644050794416,5.34,26.28,14.633912269832967,144,137,24
AustraliaRainfall,-0.2423788877847003,0.7925877888744396,-0.1928886349148321,0.8680050881499913,3.691216866434001,0.6234815678897149,9.685391669318491,1.5408407871275729,0.6894599287484348,0.1192411624717395,-0.0036289319722552,0.1468896585026629,0.8830957180784278,0.0763895007877298,11.615098554287531,1.8122064105918287,0.0880350769414194,0.0302486706702297,2.0430469154598265,2.665328221811297,0.4630998230258031,0.1895887436377661,4.4080066389213,1.0749300389031051,0.7877309394379345,0.2391597732349574,0.208733316902419,0.1681743280935745,-0.358014369077158,0.4332474347639027,0.84606621366638,0.1050245571673281,7.097716102919919,1.820385002207666,1.621288535203521,0.111393563231811,0.0,0.0,0.0,0.0,0.3087316493440318,0.1116734847956942,0.6397702098353686,0.1102807388041005,18.685605557184783,7.364797590283433,3.622897353762768,1.810354245567643,1.7718869137127415,0.0,18.40717496345045,0.0,6255.6,18.492259823235877,24,160267,3
BIDMC32HR,-0.401177434237981,0.4413230678323641,-0.4036102158237399,0.3865239958823125,10.235374266335183,10.4715982406261,26.91609007422317,18.514780188529155,0.6264666288056017,0.332017307850126,-0.1591481764574649,0.5043384710766341,0.5989356346508945,0.1612748373874032,74.68807397156876,84.8717510422241,0.0159340970955619,0.0099289943971726,56.56698955843503,34.95306699628611,1.2617634167491756,1.1154122612088089,13.951251729777333,10.340039575509776,0.5118416575285795,0.2240233668768294,0.0002782975846018,0.1077515837701488,0.0004976254874827,0.1437459211622722,0.8705168101266304,0.1629060862068605,39.07736822241792,27.84653100541436,1.439924176632009,0.1580795237554053,0.3614599192299891,0.106415711466679,0.3269144366766709,0.1417979629135436,0.2191965723551454,0.189094078275833,0.5041357219364225,0.3440355010292422,0.5291439006298058,0.4392485251747149,0.1841204040545349,0.1394717904042189,89.18473659556632,88.71875,13.201944175308244,56.03125,128.25,90.156578082958,4000,7949,2
BIDMC32RR,-0.4009129022558062,0.441101821971263,-0.4028952831909299,0.3876404725248912,10.21574686082862,10.515167967441812,26.7353875476493,18.486570710692146,0.6243847933572202,0.3328853086851496,-0.1609605041525398,0.5065331533203641,0.6011859381617958,0.1604680244445337,74.57337992376112,84.66589778003218,0.0159624314192495,0.0099424948047476,56.01931385006353,34.695801049360014,1.2608618286448674,1.115620261659089,13.880241423125794,10.365031547275793,0.5129564018480258,0.224317936525666,0.0002398268742058,0.1082076256211204,0.0004903589580686,0.1443327521987188,0.8693656156236375,0.1633077161706461,39.03373570520966,27.836132267522864,1.441044220370269,0.1583255519195173,0.3603622643466535,0.1062773898866477,0.3264229961361927,0.1423392915224239,0.2205504754866145,0.1895346303640608,0.5061685956477865,0.3449046176474658,0.5314734018619448,0.440622849151757,0.1840050696322369,0.139938970011525,17.571403057038314,17.8125,3.039355217752957,0.1538461538461538,27.375,17.83232698030679,4000,7870,2
BIDMC32SpO2,-0.401177434237981,0.4413230678323641,-0.4036102158237399,0.3865239958823125,10.235374266335183,10.4715982406261,26.91609007422317,18.514780188529155,0.6264666288056017,0.332017307850126,-0.1591481764574649,0.5043384710766341,0.5989356346508945,0.1612748373874032,74.68807397156876,84.8717510422241,0.0159340970955619,0.0099289943971726,56.56698955843503,34.95306699628611,1.2617634167491756,1.1154122612088089,13.951251729777333,10.340039575509776,0.5118416575285795,0.2240233668768294,0.0002782975846018,0.1077515837701488,0.0004976254874827,0.1437459211622722,0.8705168101266304,0.1629060862068605,39.07736822241792,27.84653100541436,1.439924176632009,0.1580795237554053,0.3614599192299891,0.106415711466679,0.3269144366766709,0.1417979629135436,0.2191965723551454,0.189094078275833,0.5041357219364225,0.3440355010292422,0.5291439006298058,0.4392485251747149,0.1841204040545349,0.1394717904042189,96.73359964373948,97.53125,3.2727432212026013,83.875,100.0,96.78894641552414,4000,7949,2
BarCrawl6min,-0.0629701424663529,0.6694598095308839,-0.0481731536902618,0.4439782520874297,5.888977284252307,13.648103943276762,10.655058043117744,31.898009422158825,0.1314655311647269,0.1704940671591261,0.069989522887172,3.9687687279627055,0.769023960975069,0.2401697956723479,36.80762852404644,49.64517022712529,0.0223627085916557,0.0405425948475364,13.228855721393035,19.669677563198945,0.0963175984124133,0.0996399586824459,5.499170812603649,8.24447647502703,0.346855558457101,0.3695972379788284,-0.0125829187396351,0.4338189090231034,-0.0129952091394877,0.4085814201162563,0.4506239931306967,0.2674635997179085,6.432835820895522,2.0540094878948274,2.004183026603466,0.272941628878679,0.4264234383637368,0.2866998290464485,0.653510226644555,0.2802241883166841,0.9821954332993922,0.6719893311266996,0.945753927316373,0.2475740446824714,-0.1420615136524535,32919327.867080268,2082808.389644344,12898064.143051554,0.0670029725997303,0.0577873699605463,0.0585111039591083,-0.0212745069534411,0.244715325903414,0.0889547504280338,360,201,3
BeijingIntAirportPM25Quality,-0.0806351717901937,0.6898899525193389,-0.1316735972844247,0.7085740659489053,2.2399045231323127,1.8018140802726637,6.550498620835985,5.344353231557813,0.5845102648253102,0.2383448201133519,-0.3629937559587082,0.89485618651068,0.6019664061374914,0.2377544391415444,9.306233062330625,3.5121229792851687,0.1036233174207697,0.0552603067557502,1.0632293655845533,2.0679193917741108,0.4243495554562811,0.3324898754058396,4.744203553146643,2.663853581630488,0.5061049964956921,0.3108017744723639,0.1575861939174947,0.5097088827681311,-0.0439093395563585,0.4783725860301814,0.653310231005223,0.2204836974609545,3.2652815417043057,1.5091098418711717,1.5015107687000595,0.3317220549347923,0.0,0.0,0.0,0.0,0.401478939216405,0.288322168950161,0.7076293101364528,0.2437631531637918,175.7529544168612,376.607179620099,4.432670536293174,10.878765198599178,98.69791003607044,78.41666666666667,76.86932982026164,2.958333333333333,493.9166666666667,125.10064473256892,24,1571,6
BeijingPM10Quality-no-missing,-0.1913618197362974,0.6611999274526982,-0.2220055014160852,0.6889725765205787,2.6531266205641164,1.47162015819988,7.640699700053702,4.408889437701238,0.547806029396564,0.2064587547044697,0.0073474349007504,0.5459878037007985,0.8072554953228978,0.2043094748149402,8.754795027540112,3.2115946551174943,0.09290219450724,0.0518240567382049,1.4797372522823424,2.285992999206228,0.3149304590512718,0.242697459294488,4.176975159471404,2.373775357008332,0.5370033401432396,0.3090793852152133,0.1519588011040235,0.4820129486632589,-0.0546413314562031,0.475701663454709,0.6231922517694247,0.2214166120703761,5.146880601455743,2.1677103883993216,1.672901244914864,0.2926022858107625,0.0,0.0,0.0,0.0,0.434092373099082,0.3016667350519173,0.7537690654106601,0.2255427884048578,264.9665335377262,568.1299340625726,59.3291468144067,204.03355883033424,198.36072144288576,171.0,128.17254473063258,5.0,999.0,236.16768837855048,24,16966,9
BeijingPM25Quality-no-missing,-0.1913618197362974,0.6611999274526982,-0.2220055014160852,0.6889725765205787,2.6531266205641164,1.47162015819988,7.640699700053702,4.408889437701238,0.547806029396564,0.2064587547044697,0.0073474349007504,0.5459878037007985,0.8072554953228978,0.2043094748149402,8.754795027540112,3.2115946551174943,0.09290219450724,0.0518240567382049,1.4797372522823424,2.285992999206228,0.3149304590512718,0.242697459294488,4.176975159471404,2.373775357008332,0.5370033401432396,0.3090793852152133,0.1519588011040235,0.4820129486632589,-0.0546413314562031,0.475701663454709,0.6231922517694247,0.2214166120703761,5.146880601455743,2.1677103883993216,1.672901244914864,0.2926022858107625,0.0,0.0,0.0,0.0,0.434092373099082,0.3016667350519173,0.7537690654106601,0.2255427884048578,264.9665335377262,568.1299340625726,59.3291468144067,204.03355883033424,142.53094424142404,118.0,106.56555973395832,3.0,999.0,177.9642902038602,24,16966,9
BenzeneConcentration-no-missing,-0.179172624030105,0.5079220129095681,-0.2279001447027379,0.529928352942658,8.181936931674969,9.06292074569455,15.314291588345863,18.29098530683526,0.4244051322524817,0.192472566214209,0.0343559032834934,0.0750053142697444,0.8583238750314595,0.0964175641009043,31.5062265037594,22.73578722875243,0.0301247788720437,0.031932440078256,22.01826832706767,12.57539601647732,0.4380194701772701,0.2408241599463206,9.718236019736842,8.344730531596126,0.2830351893885224,0.2613203128149871,0.0119679386454417,0.4095863774594897,7.036634555138081e-05,0.3832247611025139,0.874461543011802,0.0760398307997199,13.168218397556393,11.675683118277506,1.675700218703433,0.1277469515658892,0.3246948220842804,0.2327350630230358,0.6374994535757998,0.2712923337319868,0.2329636006090961,0.1358375202473513,0.6213577875147306,0.1811924060687293,681.140709281415,548.3150836874365,165.316730424167,138.30134931934023,10.14410903920144,8.313749266595785,7.4806121534001155,0.1490477388337664,63.74147644829163,12.604067057454348,240,8512,8
BinanceCoinSentiment,-0.2159716990815926,0.6037050993887935,-0.2488691521447759,0.5871588889054612,2.1978485829291894,1.394539850432872,6.43916349809886,4.266224506939429,0.4439055350411896,0.2004602246089084,0.1022562931874952,0.7494819041673697,0.9363531162175568,0.0592495641988361,7.461977186311787,3.164302896495895,0.077901899570715,0.0539642344809678,2.673003802281369,2.3447038670843154,0.1816081216106214,0.1474486503631488,3.112167300380228,1.997328124622948,0.3358574199353667,0.2182502443555467,0.0698669201520912,0.4408052953867505,0.0796894803548796,0.501742899886829,0.4727423887277068,0.2180983318452713,4.427756653992396,1.3244948480004288,1.8990944411010429,0.1687671397627964,0.0,0.0,0.0,0.0,0.6282438730979052,0.3910194188819519,0.8796208737171678,0.2604149773440817,25160.590059751263,55113.49774570265,14216.520554957686,34775.5879369578,0.3414399239543726,0.3914,0.3486313699773926,-0.818,0.997,0.4879805875260627,24,263,2
BitcoinSentiment,-0.2307344842369688,0.5710761593029083,-0.2828089747171775,0.5794190792986562,2.0092682566882525,1.4213237936091987,5.680722891566265,4.275580925267597,0.4146629986416312,0.2032678784822721,0.1573367974277064,0.9656477387553666,0.932163436354112,0.0644619765297921,6.856927710843373,3.3629376439630745,0.0732291220937535,0.0549660292378588,2.923192771084337,2.29951632922697,0.1667628508704707,0.1221187536997087,3.2183734939759034,2.252620911058046,0.3800214928979989,0.262017757385854,0.1410642570281124,0.4574033932729335,-0.0101656626506024,0.4502294936698507,0.4229846362067781,0.2385775486627115,4.23644578313253,1.127342281897786,1.9359079208883547,0.1692593823283978,0.0,0.0,0.0,0.0,0.7505047208971592,0.4901061946742105,0.9148216771870784,0.2658045315373291,19830.13999868956,21832.6691883198,284.5377880586429,317.47094702814485,0.2273364457831325,0.1876,0.242719925916199,-0.733,0.988,0.3325579979764015,24,332,2
BoronConcentration,-0.4245093618241594,0.9021000729762712,-0.5430383896109787,0.780603471260959,248.28173184097344,48.30034384778528,863.1006389776358,302.2074765477864,1.4116652692486955,0.0569278499707652,-8.068636370865195e-07,7.918857470222054e-06,0.0309411278043285,0.0182427175749202,654.3753993610223,194.47324109870425,0.0778325212120504,0.0259909246372037,12.696485623003197,93.30790292377458,8.443674241661096,2.9772009705128943,39.96964856230032,0.7587859424920127,0.0862354759797044,0.0467844486746083,-0.6848510518496919,0.1289798280820279,0.2463721303192626,0.0728909648399604,0.9988207384760548,0.0001166749816739,138.83067092651757,59.03732575631459,1.1378775736758957,0.0111619925887427,0.3506226771858903,0.0900742330395503,0.24163786920519,0.1064447884658615,0.0037491862707111,0.0009781679855391,0.0305918449878976,0.0064765816604603,1.476990488607528,0.1500833103762297,0.4132283866366869,0.0360534799923374,0.4748784345047923,0.1121,2.4147005260175898,0.001,55.09,2.4609526931469747,2542,626,1
CalciumConcentration,0.5383985240528927,0.1925206398630711,-0.0019456953024752,0.1596896587975246,27.029204143187545,4.9269629841457405,243.207874015748,159.2066777406415,0.1030363028328296,0.0267148356577232,-0.0007695201953636,0.0062097323717784,0.0224467496636641,0.0039728068061487,565.9464566929133,179.6907500041426,0.042089547428505,0.0168754788313478,110.12755905511813,172.1344771301683,0.8194553678042573,0.3791764945227886,34.74803149606299,10.837938979429744,0.0494788547135516,0.0925582523768982,-0.98640870476366,0.0006171399251755,-0.2664509589097201,0.1562457554233573,0.982400266559669,0.0063834228938094,157.3291338582677,36.77906394838088,1.1461132815427255,0.0326667608821014,0.5349509882693236,0.0182230339094775,0.3870480475654829,0.0354428314210944,0.0330252777184031,0.0063004652046842,0.0969599422079361,0.0206757665136885,0.4917390751045953,0.1229512367549598,0.2314534441388993,0.0193262660190949,1755.4055606299212,627.0,3509.729548804792,0.001,34460.0,3924.238803646376,2307,635,1
CardanoSentiment,-0.082564408024199,0.5146032315331023,-0.1834602167343377,0.5436885233436421,1.8614948492575345,1.4787055498512425,5.41588785046729,4.430135744691628,0.3469033505324967,0.2525402503163309,0.0923055720651129,0.9638787150689974,0.794392523364486,0.1285341812761727,6.401869158878505,3.792170520151835,0.0642614869417295,0.0537552494590962,2.892523364485981,2.3367523167081736,0.1993063216692615,0.147107715501332,3.1682242990654204,2.0300820908239947,0.4660442880069048,0.3140214831339481,0.1132204049844236,0.4461451695346584,0.0141160436137071,0.4324801772864482,0.3842426907877135,0.2581120340560013,3.878504672897196,1.1657918601504804,1.9349828153096749,0.1931062588013409,0.0,0.0,0.0,0.0,0.9101810491709345,0.6007935667372862,0.953450973857661,0.2853577524941086,8867.5271361032,12859.519336197824,16064.118927457925,22842.466171828008,0.1825943925233644,0.178,0.2789463204420921,-0.494,0.984,0.333394303894291,24,107,2
ChilledWaterPredictor,-0.0641795973936354,0.6046086546579588,-0.1426424672212332,0.642611020167903,8.392754351272888,7.378336833261693,17.30065359477124,18.297827162689185,0.4843387772782014,0.244209473565457,-0.0318493208140026,0.2262028255366568,0.7465396005374871,0.0924360728662382,31.40795206971677,18.351052695190752,0.0404521932676884,0.0371631854205586,18.80718954248366,13.51501515296926,0.4251205641486555,0.4055925903291378,10.9520697167756,9.51171110903391,0.1994849375156579,0.2458956626908763,0.0391492245046166,0.4327486953811772,0.0028562350866272,0.4253971387362518,0.7861052169488111,0.1906101058740194,6.836601307189542,3.259557790436026,1.7144453218682827,0.2127158535057307,0.5069610500026569,0.2798971507007285,0.6384903554917902,0.2524068379131898,0.2669327091285621,0.2626525192049451,0.6188895537274683,0.2444255672097102,48.64649310701974,75.25625414521113,27.723560424656245,42.76693394611003,652.5024554051702,217.23707648809523,2582.1593589353124,0.0,29015.31894914747,2663.326192798584,168,459,4
CopperConcentration,-0.4300573798548665,0.8770071032432092,-0.5367358416556145,0.7727773602587446,249.3657461240578,50.02386579230295,865.7726550079491,314.66151720988023,1.4127312153164306,0.0577419789876321,-1.6906312086938992e-06,3.4620903920713586e-05,0.0318015077373366,0.0160925693586249,636.8807631160572,186.7218588039989,0.0813502147605789,0.0262221682032904,7.006359300476947,70.54367536810129,8.2642109138533,2.78423335661446,39.99682034976153,0.0796818065891361,0.0841103546293752,0.0514573473122181,-0.6741802894207207,0.1246526456451002,0.2503786935915413,0.0560656543055104,0.9988234710906218,0.000258640408933,136.302066772655,58.52542294476466,1.1361265886936511,0.0087507971734672,0.3558288180136919,0.0810001218862071,0.2474935920314071,0.1031471292535468,0.0037581309922606,0.0009741622335223,0.0311450699950657,0.0083152356153783,1.4576200602087976,0.1388593709946532,0.4120709297251804,0.0343930776776075,1.7155774244833066,1.02,2.1268983828049013,0.001,20.0,2.732563380815692,2542,629,1
Covid19Andalusia,-0.6059076235833646,0.2981415395356779,-0.7134688053988689,0.2648296251345798,6.463044766031072,4.152468923528755,3.887254901960784,3.4216774801495027,0.2647350789394645,0.1294520832628944,-0.0623050570633749,0.3574049250342722,0.8853485838779955,0.0985561745641262,13.490196078431373,7.434346758543022,0.0563130513084225,0.0273504869561653,5.799019607843137,2.85495767964373,0.1589732724990029,0.0824193011511893,2.735294117647059,1.6563985891215405,0.0797177609963999,0.0633675800179735,-0.0703512174100409,0.3087644647308475,-0.0007541478129713,0.4797747520513786,0.6294401961760394,0.1515017166013336,5.004901960784314,1.050198622761931,1.903497127855054,0.1321791630614688,0.740484429065744,0.1461280675158436,0.642589388696655,0.1568846746451123,0.2892305736531234,0.3236007755385842,0.7881823876980288,0.1659858782734539,68.98044602456368,74.01363398011068,57.23103077466916,64.87184234086494,0.0231389979287039,0.0106685796617146,0.0323304860814417,0.0004610773841543,0.1692307692307692,0.039757685488555,91,204,1
Covid3Month,0.2965125104491755,0.2470041334191227,-0.0090456087524228,0.1790568419682284,2.84850068378234,2.925475470952449,4.781094527363184,10.881169127813402,0.1467867604614427,0.1362392941363421,0.6148712532867712,1.7979168259479514,0.2079961637595156,0.1161886406941238,5.870646766169155,3.932665102138005,0.215178425867989,0.0718116397037647,4.701492537313433,3.5688603140900037,0.080943965473354,0.0788857345161818,4.049751243781095,7.901603366343812,0.2837332584510763,0.3633248634874472,0.8594527363184079,0.1129616876151472,-0.1302120350627813,0.0920990191440587,0.4904073993753363,0.2186840748485596,2.7611940298507465,0.7548757382926443,0.7611876758654484,0.3811986007917756,0.6117895371626716,0.2166792482359213,0.6784260515603799,0.1923400450804588,0.8442541824829469,0.6081740532050952,0.859394456950362,0.2253208683687821,44.67010187159441,189.09967094448768,102.18198428189042,455.16497606722254,0.0377860603625049,0.0237333930198724,0.0416197939794528,0.0,0.1818181818181818,0.0562138204413377,84,201,1
DailyOilGasPrices,0.0613512606602964,0.5508622119534228,0.0099777427460388,0.5715196018977875,2.4461587959505136,1.7627028110119227,6.968586387434555,5.38410085165175,0.4086928461019798,0.1963451937017072,0.3295452866023933,0.8416761736169253,0.9326593247878678,0.0819047816098541,9.31675392670157,3.839950089277077,0.06776554480568,0.0535006930912645,3.643979057591623,2.763629315651036,0.1955786615797018,0.1747491849407298,3.5104712041884816,2.540487912893552,0.317049914890229,0.2343366879639894,0.0676701570680628,0.4591149255056113,-0.0111692844677137,0.4502442939364697,0.4727930264905305,0.2479794279685836,4.772251308900524,1.3334067142622494,1.923707599675203,0.1865356657680155,0.0,0.0,0.0,0.0,0.6625511993582314,0.4578945150762757,0.8826825768593464,0.2749773951696387,119467.98161867366,169193.8057071259,51650.6385104921,85451.64399423798,4.473358987783595,3.901266666666666,2.1738877909958867,1.7484999999999995,12.725833333333334,4.973603197021777,30,191,2
DailyTemperatureLatitude,0.3520138329215399,0.6740368249983538,0.3820223558252495,0.699423636381406,44.60866808680125,13.420488593849544,63.1191581632653,60.5885589852041,0.6365242897637743,0.2161813370548959,-0.0174081172242128,0.0464138103074075,0.8586073110562907,0.0573060407187975,123.06872448979593,49.04508776714911,0.0593474418950452,0.0159750349566112,27.364770408163267,26.21180951127661,0.6897688481556336,0.3033635456863131,15.833801020408163,13.970073895075735,0.0215266253753774,0.0109538221666117,-0.0060602460162147,0.2880710809178846,-0.4203690243220576,0.4725721142966801,0.9141349736185296,0.0832746510045446,7.202117346938776,1.393384737624904,1.5815555513584725,0.1621766590056692,0.5710255102040815,0.262290764571331,0.4979467120181405,0.285194221007443,0.0439576282347323,0.0806518617537053,0.3872119845029694,0.1624614265357936,18.136779098406485,6.950262711717502,6.139807223085632,3.669654340713822,24.28464346938776,30.05165,21.31875858830185,-41.3,64.15,32.31460004675242,365,39200,1
DhakaHourlyAirQuality,-0.3032111053912589,0.6125464154723509,-0.3233816533215789,0.6384026926680084,2.8071780390918635,1.0208606519970402,8.400870406189554,3.35710500003667,0.5350833809832456,0.1648010619228755,0.1788002086350174,0.4649631089667015,0.90362459002607,0.0724038450837069,7.835106382978723,2.7965137246030984,0.0802113731762649,0.0448029347624701,1.6914893617021276,2.4176145000343983,0.2651358134716751,0.1822497058117751,3.762088974854932,1.8810039625096733,0.6129159270237607,0.3327060304871715,-0.075969132817537,0.5762780918558875,0.1223807221147646,0.3748542635504498,0.5948816189753343,0.2020207100639673,6.657640232108317,2.340213715497674,1.7717349390278394,0.1337564363111756,0.0,0.0,0.0,0.0,0.408365268468647,0.200103687170828,0.7786681979634494,0.1988719447492305,88.63112105093488,64.88063707356876,28.198787223373166,23.91427244333513,153.61287072856223,147.04166666666669,63.04283724593765,18.70833333333333,374.7916666666667,166.0461182367349,24,2068,1
ElectricMotorTemperature,-0.0074707073399873,0.686475823069328,0.0032715448172325,0.7172281355929911,5.153468704126886,4.272394670937778,14.743091927036302,12.820269841651236,0.525444027408479,0.2721860215812152,-0.0127276259980139,0.5443730177820636,0.8536116186993151,0.1755865743958342,16.63636432151336,10.21534863425624,0.0589087721558014,0.0508923259524411,5.300854855216423,6.36649916299232,0.7994440200690457,0.835818612181026,7.759611109017598,6.690081915434254,0.5583489396189312,0.3636979726931144,0.0098850033286857,0.463576946375308,0.0128841491753652,0.472003240452213,0.7049349243229663,0.3034604973634092,9.038994611297436,5.995545596201173,1.7126332038494012,0.2902677871070797,0.6224374675706777,0.1647214926370309,0.5434250002174033,0.1867520777044503,0.5442848931444761,0.7080952500917019,0.6335245477894287,0.3258291403259407,9.768845927443524,69.74166035011672,4.989449026346267,12.0802725907378,58.84096154290737,60.59318627084579,19.102471269842468,21.13218688964844,113.60662841796876,61.86407005612435,60,22148,6
ElectricityPredictor,-0.0642815641460056,0.5925624684491703,-0.1074352313897489,0.6317978617821747,8.378767609853067,7.234950505469108,17.03179012345679,17.38862021107025,0.4764573198025942,0.2276536161384941,-0.030383298111745,0.255289670513282,0.7354125083167,0.1101556510066142,31.66820987654321,18.418709670638183,0.0406914976938004,0.0371019313566547,19.7391975308642,13.319513925361358,0.4175852707062357,0.3672356114569932,10.812037037037037,9.22825322468316,0.2013970866913227,0.2505613302629856,0.0346156672545561,0.4391024526014532,-0.0033794459141681,0.4395655644370844,0.7981108816459351,0.1786193750057085,6.604938271604938,3.067065241190749,1.7056659525774325,0.1966007844652444,0.4989536284251731,0.2753513018902078,0.6232460102378802,0.2597073100655802,0.25211826460451,0.2404919706541603,0.6157978118351585,0.2299273002632588,51.04352527809518,77.58914489125725,26.39776799760646,41.871737876547925,262.40389894143163,158.77404673654596,467.15749138550206,0.0602810236280117,2625.106765873016,535.80960045268,168,810,4
EthereumSentiment,-0.2227125835957935,0.5470842246490865,-0.2566845222473146,0.5738837351695677,2.0770229452730944,1.4712102342979752,5.875,4.412042222489911,0.3984239738483278,0.2212777028477158,0.0458685685496532,0.9711596909840486,0.9241573033707864,0.0732961832106777,6.925561797752809,3.42148178509423,0.0758046888029814,0.0561347391411975,2.88623595505618,2.296732263541536,0.1774519258322349,0.1320996569291686,3.283707865168539,2.2680892725739668,0.385331444460658,0.2770422371434425,0.1466818820224719,0.4662973043794609,-0.0384480337078651,0.4472881537937525,0.4330489898338883,0.2448661405201856,4.214887640449438,1.1648661681165449,1.9271518342457747,0.172661110230575,0.0,0.0,0.0,0.0,0.754787490596544,0.5175965381378245,0.897971373625149,0.2741996990174609,1854.132116400825,1379.2737085779174,464.9033165740339,766.2243993811152,0.3166665730337079,0.33175,0.2619568341457646,-0.95,0.995,0.4109733585435731,24,356,2
FloodModeling1,0.3338299900267953,0.3343255210030842,-0.0242385952609572,0.2290021918474588,5.381882355051438,4.262918250339841,12.191679049034176,22.937354876728325,0.1519393497973721,0.1166000304723037,-0.178022807771747,1.3039320881316272,0.3601222349939724,0.1742724368750367,16.213967310549776,10.06879668714264,0.0935010516481675,0.070776034860535,23.07578008915305,23.316261415212896,0.2977785901164872,0.3811374537738565,8.187221396731054,7.179756305078525,0.1499980803311625,0.1652817863555293,-0.4868002100347451,0.4029334878815814,0.1900814443240344,0.1093260612707941,0.7593932693189029,0.1954659145665281,6.774145616641902,3.989523824630584,1.1715210402733174,0.4865338062624036,0.4749763609347561,0.2939572421461501,0.7225111441307578,0.2140763213802304,0.3231343065928468,0.2731338168907998,0.6753946571975831,0.2308592868000559,0.3115770083145542,0.1288043088575314,0.8306748786456327,0.3038487438512899,0.4412169390787518,0.436,0.0210264931198481,0.405,0.675,0.4417176708520297,266,673,1
FloodModeling2,0.3729360353255221,0.3866861889422584,-0.0012408008880662,0.2601223799324086,5.123754655244642,4.260183777569528,13.170914542728635,27.938530613952484,0.1467687801427421,0.1201049889632514,-0.3193707005315555,1.924255967544617,0.3535288959293938,0.1822144943912357,15.670164917541229,9.92758157784645,0.0987482617067355,0.0776915630271618,21.146926536731637,21.797541957326512,0.3010283907623882,0.3882355189599278,7.908545727136432,7.216030514475396,0.1634745178091312,0.1852784957712907,-0.4899758767232924,0.4074651996173229,0.1819813777321865,0.1148367982140497,0.740148471183885,0.2131427085349176,6.664167916041979,4.299990169995634,1.1583540122672458,0.507776242021344,0.4946844759438462,0.2973233719498855,0.7191972195720321,0.2151186340420848,0.3626358180417149,0.3251484896593823,0.6891957380604383,0.2367548492857162,0.3086786006366601,0.1249495869684402,0.8924959741302634,0.5835576239482987,0.2321484257871064,0.23,0.0134072585370714,0.23,0.408,0.23253525792213,266,667,1
FloodModeling3,0.3445437335800014,0.3448651757279158,-0.0167283763005267,0.2350772103979067,5.417187785674726,4.195988730702819,11.9673735725938,23.204156244102847,0.1498274760059907,0.1195636516306786,-0.1403302348539184,1.162891698475293,0.3587675828742035,0.1751379309531808,15.928221859706362,9.78203248210502,0.0922270669753882,0.071978066751725,21.40130505709625,22.277109846048493,0.2924997511430687,0.3838704424113703,7.921696574225122,6.543647086059024,0.1435731892480799,0.1549926381486049,-0.4957806424707773,0.3972338614513689,0.1888775773037814,0.1083024589798105,0.7524384483368981,0.1921140249937279,6.755301794453508,4.0071907774480415,1.1714609763824526,0.491756862327771,0.496218300459736,0.2971891887350567,0.7171140441939788,0.2194822407934263,0.3234522360831313,0.2630265969093948,0.6857199957067184,0.2323683260380233,0.3149768855633889,0.1342834233798353,0.8435684205530786,0.2888874528203526,0.4020978792822186,0.3979999999999999,0.0195241151444735,0.368,0.499,0.4025716030663767,266,613,1
GasSensorArrayAcetone,0.6569658084861041,0.4447364664016138,0.7993873791695653,0.5022479040102614,982.55931775822,204.20527361611627,3540.3125,817.0744485656876,1.3919954282748388,0.1027120692034937,-3.750825984957084e-06,5.754497748235359e-05,0.0135092725007012,0.0458274101180749,4153.1551724137935,584.3516574308759,0.0677226326374254,0.0309023367313802,66.84482758620689,185.82440281120964,34.54852280533721,17.878270244791956,38.60775862068966,5.733035707589362,0.06474902071628,0.2279281374169374,-0.1665679597701149,0.2511617325523755,-0.4430528735632184,0.6533132650868846,0.999163581464879,0.001754568904298,3.2672413793103448,0.5269914384682043,1.1143203532694606,0.0323897802968354,0.3512051372273047,0.263443363838281,0.7867258972554538,0.2042418000836435,0.0008116213004869,0.0008223736691399,0.0103304332757863,0.0261102200177587,0.4308407499425288,0.4954418672504663,0.1968189649527428,0.2201225897502701,0.1943965517241379,0.1,0.2948020633235689,0.0,1.0,0.3531264304212713,7500,464,1
GasSensorArrayEthanol,0.6211616518947803,0.4760339244459866,0.7659945599371244,0.5237124950473807,967.182511678528,227.95129427495948,3449.0258620689656,963.5878309484004,1.3841648605212096,0.1180789061192668,-6.2396894782916765e-06,0.0002428733046482,0.0147238022540936,0.0486313333789502,4111.915948275862,747.9071946536,0.0650936180227056,0.0312741173095861,65.23706896551724,227.2099132088531,35.14193903639949,17.253292739568675,38.77586206896552,5.641344005453982,0.0406230317102405,0.1814567070918644,-0.1565307471264368,0.2541282095138321,-0.4560271551724137,0.6433644200846017,0.9988261498869736,0.0042215091077944,3.271551724137931,0.4908307585426062,1.115802347324785,0.0392513365555932,0.2989971850809289,0.2387425763404223,0.7843068261787473,0.2106563075796683,0.0009703089681992,0.001825476307817,0.0127317823032072,0.0389993295481071,0.4178636167931033,0.4283886594440334,0.1881913178659923,0.1833098527360012,0.2101293103448276,0.1,0.3218427285173992,0.0,1.0,0.3843658009832784,7500,464,1
HotwaterPredictor,-0.0434548949846908,0.5937882422931994,-0.0823593193798428,0.6220612757839799,8.479786016601397,7.047904028205366,16.623931623931625,16.777567693343585,0.4885647962735074,0.2235904579100759,-0.04013176911897,0.2557974201676885,0.7722418411041165,0.0808773651950365,31.372507122507123,17.437192517378648,0.0413436213008885,0.0377175137192586,19.182336182336183,13.323375606887131,0.3901849816198204,0.3237952391825123,10.765669515669517,8.951193448523409,0.1898039634714716,0.2439029397473203,0.0396634615384615,0.4397737992602719,-0.0057806776556776,0.4378984142806432,0.7966407527852586,0.1801180270707953,7.134615384615385,3.415187056348273,1.7108167138964443,0.1929844606444332,0.5051594746716698,0.2782089930849509,0.6328260718504621,0.2541135130244795,0.2498247229592609,0.2428801970101154,0.6137572321473697,0.2275885662394866,52.02299493814886,81.13683330178202,26.9686178247014,41.9518303489119,907.1796540180732,228.0884598214286,1427.4870296279043,7.127856666666666,9535.67500892857,1691.35866817782,168,351,4
HouseholdPowerConsumption1-no-missing,0.033465864944798,0.4996176616989577,-0.1816230715598943,0.4728487625617543,47.74950448603094,42.6255943272601,64.04318658280923,95.86025501381266,0.4564074983124437,0.240074251123199,0.0007243638708198,0.5614101613396195,0.3851445583570292,0.283395574473064,185.58998389222432,161.74301089965604,0.0890698326081126,0.0779860456137899,119.3361285814116,135.12313126360868,0.348087707922035,0.2067269572994794,27.672426416752085,14.451296799624735,0.0274905507608395,0.0557251092572033,0.142727298612128,0.4207163584118025,-0.0324253388327557,0.3022364724088067,0.9327388547536676,0.0658987689424017,5.854151413091229,15.49894887204135,1.0346817143614404,0.4544473368723866,0.4015351198320886,0.2369154488715155,0.6322698540537902,0.2770757219256205,0.0534204485302989,0.101336812609634,0.3796622969989494,0.1388998935382804,50.862147933166376,95.02820874447886,4.608514541302197,3.1402464864870687,1561.3749699510831,1542.7419999999995,606.9572350824876,14.218,4773.386,1675.1981620121016,1440,1431,5
HouseholdPowerConsumption2-no-missing,0.033465864944798,0.4996176616989577,-0.1816230715598943,0.4728487625617543,47.74950448603094,42.6255943272601,64.04318658280923,95.86025501381266,0.4564074983124437,0.240074251123199,0.0007243638708198,0.5614101613396195,0.3851445583570292,0.283395574473064,185.58998389222432,161.74301089965604,0.0890698326081126,0.0779860456137899,119.3361285814116,135.12313126360868,0.348087707922035,0.2067269572994794,27.672426416752085,14.451296799624735,0.0274905507608395,0.0557251092572033,0.142727298612128,0.4207163584118025,-0.0324253388327557,0.3022364724088067,0.9327388547536676,0.0658987689424017,5.854151413091229,15.49894887204135,1.0346817143614404,0.4544473368723866,0.4015351198320886,0.2369154488715155,0.6322698540537902,0.2770757219256205,0.0534204485302989,0.101336812609634,0.3796622969989494,0.1388998935382804,50.862147933166376,95.02820874447886,4.608514541302197,3.1402464864870687,177.05789937106917,171.058,50.10748132802219,2.8600000000000003,417.834,184.01157413253588,1440,1431,5
IEEEPPG,-0.0500928669585419,0.5305863080532692,-0.0567947446235297,0.5198988413647162,14.179031944996847,18.814393447486992,33.77357881136951,31.89791269378817,0.7179513734651396,0.152778387089939,0.0032505972271026,0.0810114880896921,0.759773791879735,0.0945544306445478,63.849483204134366,57.31909148867354,0.010899437507665,0.0171599784136692,68.76485788113695,38.43513116495299,1.3242028490183622,0.6026387298397252,16.641279069767442,8.178385132585799,0.5090318004447786,0.2975490374053735,0.0022291666666666,0.3112346429262737,0.0014125645994831,0.3118853454841855,0.9838746363955608,0.0347927473532677,24.073449612403103,8.645686770180912,1.4438396825661528,0.1095659355999766,0.4547749784668389,0.0990179426957708,0.3706543389319552,0.1396277441678733,0.1058855012429669,0.0516452870266466,0.3031498047574791,0.0965425661871865,0.7315546940568474,3.473608683322036,25.077079615024346,43.46877191201396,127.13107107507408,134.6357,29.24285877526717,59.055,176.7418,130.45096405180666,1000,3096,5
IronConcentration,0.290398090899045,0.7784152368193563,-0.0978336926511513,0.8932212106684445,139.44433102027887,26.253566088891414,509.1718494271686,164.89977591824965,0.9808215844872876,0.0520808603006546,0.0928476244014463,0.0321051483147157,0.0668101329846879,0.030087340938911,412.0016366612112,119.69103021604816,0.0658107937578939,0.0353750759297754,33.256955810147296,123.03484169772383,0.1543112882513169,0.0330445312490227,39.75286415711948,3.047276825613837,0.0507290662518449,0.0561721328974738,-0.6258788947004987,0.1404772761184284,0.1989463755012036,0.0509094110412316,0.9862650107907516,0.0024730556046091,123.61702127659576,66.90639310701468,1.1525010338854504,0.0085896166242723,0.3208537915984724,0.090118445072519,0.229405346426623,0.1239067250793074,0.0068489354981216,0.0014527370086023,0.0646031359075051,0.0065268707388815,1.8098413752220373,0.1390634544689278,0.3742626814561747,0.0346872231459778,113.25430114566284,93.4,80.11683395034294,1.26,648.0,138.72722807805002,1716,611,1
LPGasMonitoringHomeActivity,-0.0247513587275352,0.7809644519368159,-0.0283181935276067,0.8680221359166004,16.745907258125015,4.405825590405376,52.378209576682856,15.237897799277524,1.0231334519556237,0.1615505829497312,1.1761962989724222e-05,0.005019342675527,0.4305406598952747,0.1565439503578298,45.25988896599584,13.244987047001953,0.1031468666698599,0.0485319912097413,8.043025676613462,12.674084998134482,3.652215493512096,1.490357182147464,26.44795281054823,8.786358838466624,0.6895553029449596,0.3680988947449207,-0.0117973629424011,0.6252761332154746,0.0387022900763358,0.6235163783202631,0.9629874680083634,0.0199685628971413,37.49514226231784,21.83701242672809,1.2742128237406236,0.0743616721597255,0.6815604243085158,0.2228413842809596,0.633627441261029,0.1604227499506255,0.0632583444408899,0.0269981585207478,0.134051244033225,0.0635666661655619,57.15297573490632,4.594790628609986,0.1094393001853384,0.1324265448295107,9.34830655943789,9.688013399999996,1.3043437151715758,2.779983299999999,11.372553999999994,9.438863705793038,100,2882,1
LiveFuelMoistureContent,-0.1377737235479844,0.7051384883632702,-0.2181675401383234,0.6950087158413961,38.62648636381552,22.22205030167512,96.48082579024016,65.11565345262937,0.8238277437553146,0.3811102425767826,0.0096669038160287,0.6314473197513536,0.31236183157767,0.1681077974147413,105.91896710374972,52.46799271047588,0.0615437848010698,0.0321039724148006,49.45070100796665,41.35177066086864,0.8565436929181015,0.8839664032757236,31.30411778237865,12.883714451419763,0.085343950786156,0.1240823591689332,-0.0635060473133731,0.4999136442768513,0.012585005877144,0.4027833964193768,0.9364457607765676,0.1248296628304254,18.29787784679089,12.641566977566294,1.3281483080843677,0.1005601353800973,0.5271157631061014,0.3176020549133958,0.7712272831838052,0.1795402693987214,0.0865797530038571,0.1974406682057072,0.296634618678999,0.2381996428534149,1842.2441539459885,1278.0345258714342,1174.26602794657,2037.8361795737069,117.23376174295424,111.5,41.43753888038865,7.0,456.0,124.34156393124336,365,5003,7
MadridPM10Quality-no-missing,-0.4213182083031476,0.3965125799831462,-0.4649960399122773,0.3841498093241277,3.722371057268439,2.5945309632506426,8.338293364152943,3.963624506604644,0.2457636621316295,0.1057180887139427,0.0275041029361326,0.2860020070338758,0.8461638725919217,0.1416781884603315,16.86279797736576,7.187054309509957,0.0272110359926163,0.033532310518573,17.05807570066455,7.233951676476952,0.2500028704003271,0.1086950629175734,5.676089573802071,2.7906260002578858,0.2725504630300477,0.1879739207704234,-0.0670427573870867,0.4385439552287384,0.0677754463210759,0.3304520388280342,0.784249415718986,0.0910522493608809,8.547170719961473,2.2435078639816584,1.7429667313806203,0.1791518133904842,0.3152831041915042,0.2271369333182511,0.6747352780534789,0.2370144210025405,0.3319645235058516,0.1354409154474436,0.7711238257320009,0.1189378483597971,23.3742725709334,27.408729330907065,10.727110264472312,12.986742137195751,30.17811286675169,28.47556554703485,12.823007659716408,4.053571428571429,94.2770833231154,32.78944985265153,168,6922,3
MagnesiumConcentration,-0.5815774382948041,0.0862360801010549,-0.7545932180975755,0.0730751374561532,425.7921825535298,37.15506917502484,697.0578734858681,100.75400247607314,1.2090055705464489,0.0844333902813856,2.8547044156647383e-06,1.0277531775900288e-05,0.0224500205878918,0.0120364516766491,861.3602512337371,207.61915961953332,0.1662844989448848,0.0064218428703513,983.7568416330192,45.869996958581794,6.583914666636571,3.318048770087352,40.0,0.0,0.0282994616623172,0.011274493033545,-0.7441885396550024,0.0271136451674669,0.4745310620383125,0.0157619019437197,0.9991188928411152,0.0001267653926323,171.04441453566622,66.34622608032335,1.1203609907364125,0.0110279583907595,0.2986788255005905,0.0921994187051215,0.3099037730839307,0.2948395672405301,0.0015422390962996,0.0001450699064398,0.0260815069803338,0.0068184238137651,0.6735130448395494,0.1198798844989084,0.489792234580832,0.0455094274661666,327.2119950650516,157.0,452.4327692427361,0.001,4740.0,558.3575023218567,3578,2229,1
ManganeseConcentration,0.2302597503542585,0.7730262165463818,-0.1595946131551006,0.8913140860222036,140.2849656254076,25.63031336183497,503.6906710310965,166.56291742537368,0.9806363963072408,0.0532322141345825,0.092328568715244,0.0330137818768343,0.0688447462220801,0.0312432674887925,408.379705400982,116.99930692331104,0.0649631569101342,0.0336117874860054,28.842880523731587,114.34964410635855,0.155824703303863,0.0355757869107631,39.62684124386252,3.748413696913527,0.045505545629499,0.0494669299793504,-0.6289609871852098,0.1373508888420029,0.2030790404358325,0.0536835435871497,0.986373665890903,0.002480844170652,116.57283142389524,62.03445941962816,1.153735084155333,0.0099258353856105,0.3118521549372613,0.0847382642723472,0.2155960174577195,0.1159698152740515,0.0067685960787888,0.0016088112900417,0.0654864994133053,0.0088823314970563,1.8009662295039437,0.1704382111809812,0.3752022863472672,0.0365674470125378,103.90748445171847,72.5,107.29513762988384,0.57,686.6,149.3620162025802,1716,611,1
MethaneMonitoringHomeActivity,-0.0121617648128317,0.7811822253248669,-0.0267945379190914,0.8564405476679218,16.363669608101297,4.477198254803303,50.4677307425399,15.350784970887792,1.0095495395523997,0.1577106373865261,1.1646658107439888e-05,0.0075745140782288,0.4775163151290841,0.1766854384991027,44.09229701596114,13.072814933378254,0.1007873092508169,0.048236056934941,8.954545454545455,12.942742714931876,3.3897516549428843,1.3629858527875296,25.65267175572519,8.768819840631943,0.6514782719855063,0.3722864343018841,0.0036328938237335,0.6286584566369902,0.0115804996530187,0.613536331941396,0.963387456962284,0.019266230461092,31.159611380985428,17.920680530846756,1.2966276199792195,0.0747036129909079,0.6771289778923366,0.225407980998222,0.6340735600277585,0.161438639358469,0.0656599132524584,0.0294663770208913,0.1466130375087471,0.0696734647676535,27.251987156488543,0.9170521929829468,0.0274783579699485,0.0282600427847079,12.374011114850797,12.442259000000004,0.5828383423701647,7.261170299999999,13.420196999999998,12.387729880966402,100,2882,1
MetroInterstateTrafficVolume,-0.0227539860642516,0.6695589202202362,-0.077376463489913,0.7311210029702604,1.5398334711303832,1.8464714370234785,4.350082372322899,5.235178733227032,0.4493772929851914,0.2967620920295462,0.0033213689726633,0.6857749222088595,0.5907150390919288,0.2981803979963089,9.420100115517906,3.993673798608487,0.1187397229957617,0.0698182899163057,0.8690280065897859,1.85483815753529,0.3773326919866169,0.2860981056541068,4.634193299961494,2.9894232521382587,0.5654765142443233,0.3230195815698193,0.1976238608651007,0.4094159461642285,-0.1599441663457836,0.4602951986062532,0.6028624254296668,0.2822998845953453,4.452830188679245,2.532003221763829,1.3940076929759393,0.4783852419105475,0.0,0.0,0.0,0.0,0.5399045326166295,0.453656792998828,0.7703225459422837,0.2724928507845283,81.52122999897036,118.40545463254492,7.705218995727422,31.296478901025484,3292.3887630422846,3502.8125,555.2700213652323,277.25,4055.5,3338.884329178543,24,1214,4
NaturalGasPricesSentiment,-0.0446846633330415,0.6244460924357234,-0.0238716288186225,0.653621099739439,2.243038249541433,0.997723155706032,6.56989247311828,3.745672340015948,0.5379073345635327,0.1788822850780902,0.0004933778010009,0.4296419910786613,0.805319750990379,0.1136408525328963,7.150537634408602,2.2857493844653334,0.090226119877096,0.0536425336413249,2.150537634408602,2.114701415458136,0.2380446432768837,0.1624550073746802,2.903225806451613,1.6135482581161034,0.4279569892473118,0.2872164923696305,0.0758064516129032,0.5552226572269557,0.0639784946236559,0.5222658240162458,0.4687202521881218,0.2016558331125449,3.827956989247312,1.3167543668680977,1.799134569328443,0.1695218646645951,0.0,0.0,0.0,0.0,0.5362664879111964,0.2952479941404232,0.8468355323715213,0.2560173140299288,2.8891666666666667,0.8247447612121905,0.2408946418920168,0.5220231317820379,-0.2988402024171022,-0.3041475548194005,0.0878978333033972,-0.5199578351126266,-0.0686988043097349,0.3114987892113329,20,93,1
NewsHeadlineSentiment,0.0936097876907445,0.524927641157301,0.3869570582877547,0.4608344631998761,0.6171133911976343,0.5039632538382366,9.43525243294374,24.44999833918564,0.008939113514425,0.0245361391086726,3.08780712098393,6.144921038554326,0.0788546109962924,0.1231481835589702,5.12307705995925,17.448771406543738,0.2808030813753072,0.0735755585728216,7.812134256809838,12.45907374280504,0.0419285450458272,0.0123494078393848,23.302229676225387,18.149779199425076,0.8537591525156991,0.3021428297421742,-0.2539765753748998,0.391169214854253,0.0129712877531914,0.1390382808318476,0.192332082760988,0.086540622295006,2.203989572304325,0.6403332738702222,0.292804201832084,0.3960252375584004,0.5514111769439057,0.3295010827559436,0.431884502342627,0.3254216986035987,1.5411435594936604,0.2716628994177569,0.9243790968150404,0.2492884236092708,0.3393018224142568,2.677638734659539,1.7358521779378482,16.231510968066438,-0.0275297319346516,-0.0260643017571343,0.1417296380424856,-0.755433425137583,0.964646239710943,0.1443785871936963,144,83164,3
NewsTitleSentiment,0.0936097876907445,0.524927641157301,0.3869570582877547,0.4608344631998761,0.6171133911976343,0.5039632538382366,9.43525243294374,24.44999833918564,0.008939113514425,0.0245361391086726,3.08780712098393,6.144921038554326,0.0788546109962924,0.1231481835589702,5.12307705995925,17.448771406543738,0.2808030813753072,0.0735755585728216,7.812134256809838,12.45907374280504,0.0419285450458272,0.0123494078393848,23.302229676225387,18.149779199425076,0.8537591525156991,0.3021428297421742,-0.2539765753748998,0.391169214854253,0.0129712877531914,0.1390382808318476,0.192332082760988,0.086540622295006,2.203989572304325,0.6403332738702222,0.292804201832084,0.3960252375584004,0.5514111769439057,0.3295010827559436,0.431884502342627,0.3254216986035987,1.5411435594936604,0.2716628994177569,0.9243790968150404,0.2492884236092708,0.3393018224142568,2.677638734659539,1.7358521779378482,16.231510968066438,-0.0053992924499476,0.0,0.1366492407267918,-0.950694444444444,0.962353560852284,0.136755867699228,144,83164,3
OccupancyDetectionLight,-0.0181703035025711,0.6460792254244455,-0.0134781361008519,0.6439379865260847,7.178810464043408,4.814718304686114,17.74705882352941,15.557758961318966,0.5377187524299534,0.3494612653467941,-0.0163686292028711,0.331844422786356,0.6476071784646061,0.2476495114291074,19.69607843137255,10.025447245107658,0.1197854632306903,0.0729925471605361,6.48921568627451,5.379598477303752,0.5755091821635087,0.6927127345372873,6.052941176470588,6.306481351415817,0.1366000490582425,0.1786729237976571,-0.0406781045751633,0.601620148637062,0.094673202614379,0.5926694089285539,0.7035592278322867,0.2424706800276183,4.259803921568627,2.218936320160134,1.5177948105657688,0.4735299767056644,0.6467571644042232,0.1590255097288774,0.5877828054298643,0.1577313086493846,0.3473654377085267,0.3872411944678328,0.5873775653714521,0.3407666387493078,236.37100765865196,365.7304453607868,7.377715600476261,21.52597483264464,127.76770588235296,0.0,199.0224941152973,0.0,797.5105555555555,236.5048410293392,60,340,3
PPGDalia-equal-length,0.0760599426361731,0.5458000776259991,0.0911347315489947,0.5218992210347331,10.909286943072752,11.74529641311174,23.48106944680588,26.474112986756577,0.4935472586641914,0.2756109807893691,-0.0019129726407733,0.4599741975214346,0.4506230134967064,0.2187735524014051,48.24270164447925,37.13798298680704,0.0569792982374989,0.0764926184531054,31.56068673972518,23.61477871167492,0.6523549451331814,0.6421433855297153,11.78638997650744,9.809775758741813,0.230749825183049,0.25136302199863,-0.0047275337093774,0.4462602280288893,-0.0050468627642913,0.4525401663622035,0.8302379516975905,0.208796154059245,9.162568519968676,13.140307258339975,1.3804222126062775,0.3905652346502645,0.477773579064304,0.2606634039842659,0.5779054287847607,0.2465473495029597,0.2395408660924193,0.2610089933635749,0.5562627258368887,0.2833501106563342,-0.0170143999874233,4.004151523629955,17.02991604381813,38.28333238066414,89.42866968204825,85.28552485873075,22.82712212428882,41.69085059016408,187.01542534324477,92.29606961067245,256,64697,4
ParkingBirmingham-equal-length,0.4091101836566896,0.5291013061686374,0.4928519615996397,0.6087556298768928,2.696140442581112,0.4729104725494769,8.911971830985916,1.0193290565684152,0.8590571360795697,0.2292140099208069,0.0522241588108029,0.1138667023929937,0.8501800162595333,0.118438753542433,7.406139909411173,1.366292964032886,0.155463056161345,0.0305708300590409,0.1036217303822937,0.541373692211151,0.5148552395598854,0.2499187409793878,5.34675390035229,1.949808884684032,0.8160555515613391,0.2537250319525353,0.5557193184269179,0.1885666326603046,-0.6334208066719389,0.2029597980462036,2.8055277247434138e-33,3.7863048522320887e-33,2.31202818319074,1.2131933941405142,1.549233646033791,0.1076599176812611,0.0,0.0,0.0,0.0,0.3984304724230901,0.0518027756050612,0.3913080860557806,0.1522030076615486,622.7772348375969,583.4689416954886,199.36756566014657,219.87230277619904,0.4934287100230121,0.500750600268237,0.2240958210989962,0.0502525252525252,0.9517188103514872,0.5419324947897174,14,1988,1
PhosphorusConcentration,-0.5791670777717498,0.0882166925573874,-0.7526870392110061,0.074038973455238,426.0281543704701,36.77776525595228,698.0026690391459,107.31057544071392,1.206401372645605,0.0874062968530233,3.0151376419891628e-06,1.0766365571190512e-05,0.022492580613389,0.0122256558674397,858.9101423487544,201.83302999454003,0.1664360089626994,0.0049273465445296,984.4128113879004,45.8251109842893,6.551252135558025,3.35776676387768,40.0,0.0,0.0280342547950811,0.0112666442666326,-0.7441758054858775,0.0261794337109376,0.4743388446397418,0.0154198863552362,0.999118002481576,0.0001259725232509,172.03336298932385,66.2398132159389,1.1203777266971564,0.0108219600996125,0.2931040743699615,0.0963375006617782,0.317506717989687,0.3008825030554752,0.001538757418453,0.0001071981751803,0.0261497201940634,0.00685593297519,0.6675992454828532,0.1194195525765755,0.4915613031810263,0.0458533044543875,12.465415480427046,5.21,27.582301508458876,0.001,396.0,30.26829925191045,3578,2248,1
PotassiumConcentration,-0.5763329629258727,0.0882191451526123,-0.7503229797029803,0.0741894961885121,427.5093041120227,36.53498947514488,701.1910313901345,117.7269787852972,1.2048812394490822,0.0872170350649898,3.399958002165691e-06,1.0743272026549886e-05,0.0229747602708384,0.0122246582179104,859.7224215246637,209.71911300180005,0.1665047334329845,0.0044897397817222,983.855605381166,46.5179530651225,6.371848764008431,3.163170129173733,40.0,0.0,0.0278524701623449,0.0117048893122033,-0.7453725056210474,0.0271237261298166,0.4736337157567296,0.0156911399021375,0.9991156640324518,0.0001249790253274,169.03991031390134,65.02547085628555,1.120534324451356,0.0105564458204257,0.297016564473323,0.0947195485720007,0.298819438089137,0.2896248345136598,0.0015401717417381,0.0001169584467056,0.026381752810996,0.0068138514407717,0.6683199279459743,0.1189407799839555,0.488886708363723,0.0460266216360141,174.45775605381164,86.4,316.297766347928,0.001,5047.0,361.21985776535007,3578,2230,1
PrecipitationAndalusia-no-missing,-0.1159595649320936,0.6995378690651114,-0.0961016930977006,0.7096259346300121,19.213448810237807,21.660674178215636,22.234375,40.76056293745736,0.2915454509791172,0.2691395030791653,-0.0509981877380045,0.2578897335557691,0.9096431841967556,0.0412818164005408,53.666294642857146,50.47217403722707,0.0386854025858818,0.0273746438176801,14.931919642857142,18.219708852234973,0.3396415585370399,0.2910753492329591,7.337425595238095,7.979441473535788,0.0603594896706803,0.078651753502411,-0.0267632909328114,0.3385909177203924,-0.0728738584474885,0.3985001734059843,0.6659891455849863,0.2281661708445102,6.840773809523809,1.3711867023302815,1.86894740980468,0.2410339401909833,0.3766286375661375,0.2712005081705726,0.5515873015873015,0.2868204996024334,0.3996796073674324,0.3664431239285732,0.7488498391426979,0.2982438473232554,67.7579085066047,75.24675855295024,28.729603352127917,37.38375861288733,1.4798377549186013,1.4090478699382802,0.580686922156544,0.2876712328767123,5.333698630136988,1.5896908763801114,365,672,4
SierraNevadaMountainsSnow,0.1618580345435674,0.5070038118693412,0.0674884642428423,0.5060740098284415,1.720188164081798,1.1119433711640798,5.326666666666667,3.89785696106064,0.2885951765528478,0.1819887176245938,0.0077876129058909,1.0120290180382543,0.6966178101914134,0.2694374409376865,7.242984257357974,3.641229097706366,0.0830889893066099,0.0686014431028266,3.524,3.031846082284961,0.144047965424151,0.077044659156164,3.117043121149897,2.891251126681707,0.4126481929356673,0.2628333380727991,0.0346109970339949,0.46352291166455,0.0208875199634953,0.4007674536160133,0.3830271285849084,0.200663962859376,3.8329911019849416,1.175627995310093,1.6270648939989896,0.4990908424197748,0.0,0.0,0.0,0.0,0.7419889219913753,0.423715031618555,0.989391417339619,0.1905393400797405,5.771801644444444,8.475057388945553,5.221533928892939,4.960828010301187,66.767056,18.14,99.89696434086903,0.0,603.5,120.15508000674794,30,500,3
SodiumConcentration,0.2281030903409431,0.8042890961665344,-0.0993922929778014,0.876017547609071,138.56009469497994,26.712389659143952,500.670510708402,168.40231943084916,0.9784213137895912,0.0585672264957665,0.0848658918451442,0.1099448409772927,0.0706816970139432,0.0334242432587007,397.0543657331137,109.3809840890152,0.0630025743224132,0.03455415451375,31.00658978583196,118.85577469765612,0.1584983548112632,0.0345418784551716,39.754530477759474,3.0206387928625134,0.0488693224896468,0.0519865001172663,-0.6202530308790605,0.1378161673504208,0.2044038471138965,0.0600733977324718,0.9861978847062812,0.0081951847271566,114.20922570016477,63.32594519614613,1.1539536117428222,0.0146831521418501,0.3142847336628226,0.0840150303477002,0.2312946183415705,0.1326368927413721,0.0073337928277502,0.0135018705667942,0.0660673687142938,0.0229152665783678,1.7929272359433324,0.1572364178896284,0.3729537396229587,0.0363407006575951,86.78161433278419,34.1,566.2610825578151,0.5399,12700.0,572.8722913579893,1716,607,1
SolarRadiationAndalusia-no-missing,-0.0950356250917676,0.6923586476385801,-0.1019433381140017,0.7620074868008465,36.72670506286482,17.856291478950798,40.02752976190476,51.831299589265655,0.5063673832472275,0.2247185756625788,0.0109546276108316,0.0570287522464696,0.8945414704343276,0.0430369969016718,88.27306547619048,50.61541491396054,0.0582518727778351,0.0164103601605608,22.402529761904763,22.849032740396986,0.5610808373333035,0.2658696139369291,11.380208333333334,9.586724822051588,0.0218667442418514,0.0185533324462475,0.0883398564905414,0.3580951359555172,-0.2181955316373124,0.425876513615983,0.8731161251816,0.1061295459064056,7.577380952380952,1.3279146908984232,1.6630887347539596,0.170645477305774,0.371792328042328,0.2583685310719061,0.4682208994708994,0.2865617922648136,0.0752472361486095,0.116575662585001,0.4894590826607908,0.1966002364481545,40.07943864868722,23.47813483878493,11.553792374535854,5.284356802179775,18.05537192562497,18.056650684931505,0.7731082329930765,15.284572602739727,20.69803038674033,18.07191610517734,365,672,2
SteamPredictor,-0.083107687657786,0.6188578639387571,-0.1719374434804042,0.6572634696886906,8.770322135376404,7.451947702497669,18.3675,19.197806569588447,0.5060740441879825,0.245117376676879,-0.0270709905460685,0.1716775983836467,0.7257884231536926,0.093719548927531,33.064166666666665,18.40339776523769,0.0406060209429557,0.0361174859979112,18.89666666666667,13.97411853709882,0.454637117581484,0.4488323179298612,11.513333333333334,9.91639159282358,0.1908504478774164,0.2332908131112395,0.0339756944444444,0.4355139083683924,0.0006398809523809,0.4294247399712124,0.7977707560282138,0.1793814735361275,6.748333333333333,3.2285183220102,1.697463826407684,0.2127245393957882,0.5283130081300813,0.2788347890115054,0.6404268292682926,0.2509563627888162,0.2427371198750398,0.2373721927092318,0.6013162629283572,0.2402660228435149,47.816467586499705,73.76815884492554,28.27256144216055,43.81542523062394,8793.298945564906,829.761908547684,31628.097418079436,61.24551273458445,199306.1813585836,32827.71165697657,168,300,4
SulphurConcentration,0.5347802281626481,0.188339059039302,-0.0079355063072819,0.1557818574617256,27.67986781060788,7.384435360958944,250.9464566929134,178.2768623596436,0.1048348178874858,0.0327181326379538,8.08194152058358e-05,0.0090494585746076,0.023109177701443,0.0051232539499154,573.4582677165355,179.80803256077618,0.0424103890948816,0.0171231306477567,116.56535433070866,176.11089937427994,0.7956240664212667,0.3821079294757008,34.75590551181102,11.080746254917813,0.0420415053516209,0.0791805224960191,-0.986409728692886,0.00063365474981,-0.2619702446166921,0.1651942358246649,0.9827787719921324,0.0058773275716234,157.6488188976378,37.27566360281456,1.1454899594386168,0.0309717478816076,0.5350152659488994,0.0183868434329819,0.3857624939739675,0.0347391869507438,0.0324237639921298,0.0063900717118719,0.0984835334554618,0.021951300018278,0.5093967851865042,0.1322017927174442,0.2324414130977082,0.0197104603589875,30.963070866141734,8.234,216.03067200093255,1.49,3940.0,218.23831699001948,2307,635,1
TetuanEnergyConsumption,-0.1386389208083292,0.6426670627410342,-0.1922152730239863,0.6918879252459325,16.685777411550042,7.1951647366007885,43.26648351648352,23.812843467506564,0.7166768562193611,0.3206572575603954,-0.0036312840563725,0.2390679953269773,0.5252055636671021,0.2067809848543386,49.25,20.56951828355692,0.060867430394714,0.0318719602696442,11.622527472527471,16.771896895700692,1.336281985264094,1.2879052235072113,22.467582417582417,11.515996694580153,0.3148026680183078,0.3045964153545881,0.0583028083028083,0.3588515426908619,-0.1976018772893773,0.4062896548504969,0.90648191207872,0.15332244898684,15.443406593406593,10.02900110282156,1.547535848310559,0.2381981461651701,0.7016483516483516,0.2446510953872724,0.7426317272471119,0.1606860505525602,0.1222329833968911,0.2068914664187353,0.3431378516124547,0.2490099134864867,69.35073339438341,76.2053463509827,70.71086187154704,102.06995425451706,26693.739822953787,26371.440576128472,2240.424807113973,21896.02947489236,33198.929062083334,26787.595059129148,144,364,5
VentilatorPressure,0.197410672315832,0.5149689899784897,0.1936994287024516,0.6097148831277962,11.91854921890498,4.718828465526402,36.56564612326044,16.445709770158523,0.6038318267646905,0.2183558021918123,0.1059189190421065,0.4584545109429172,0.2055439793006607,0.2095174013801648,35.86146494704612,14.099321142704024,0.0694940517171282,0.0235865844616694,10.483757455268387,11.307197631911125,0.2941939871769187,0.443418382625834,25.94717203716713,15.101785604733497,0.2104499552398616,0.2828141028930411,-0.0881740602176477,0.5750698607055117,-0.2840639621966253,0.3598523464725763,0.8896629720461046,0.1514654366800662,6.020505547234336,7.643113211574767,1.0784714574346193,0.3775638607582011,0.7287463714327373,0.1511006145236743,0.7122082234269581,0.1202157959373918,0.1549759991398737,0.2821425834631222,0.3567306617715465,0.1717966719218039,3.971032016401904,5.133201799234113,4.8113482070398526,7.283083471936841,11.220408111543684,10.96427566209906,3.1443899385437555,-1.739322020935698,26.88331772270883,11.652671207719305,80,75450,2
WaveDataTension,-0.0936087777725922,0.7677888836105997,-0.0879171557024939,0.7584989710766061,8.541959848394416,2.869597182688181,24.826730058108826,9.197290749798178,0.8189351251244447,0.1596028249689615,0.0012357771464873,0.0044624787148978,0.7974492491132744,0.0856472200297591,23.41996830427892,7.15037800020017,0.098484157064692,0.0503173937124786,13.998943475964078,2.158289451889216,2.0665092205005946,0.7645076670743366,12.959852086634973,6.185243449845227,0.4945550649576921,0.3019377062205023,0.0419875626731911,0.5929297434146767,0.0072381164215345,0.5888845012907803,0.9342949996930716,0.033064401229585,14.776545166402537,6.892215174247612,1.4607134183323018,0.1036150502400849,0.6016023947878147,0.1648298598666582,0.5897605212185243,0.1528096650697197,0.1274768017453153,0.058596581184612,0.2995038801585222,0.1128636881867566,0.0001445481992103,0.217488365686877,0.1848311446161954,0.0843673969510037,2494.704856027942,2493.5593347543863,17.760403491543748,2435.852988859649,2553.786055701755,2494.768075517557,57,1893,1
WindTurbinePower,0.3095224868747829,0.5089278016254527,0.3010963857512966,0.5351079345933722,10.369046855669447,7.987438313155205,26.55046948356808,22.629980058147805,0.3818912292025553,0.2614156756408441,-0.0137148660450256,0.6131155387411821,0.4947962835286779,0.3203452986027142,42.2887323943662,28.02335904890394,0.0593004748836884,0.0429348824451633,18.597417840375588,16.076873510637963,0.2874756281573288,0.2788750039525304,12.2981220657277,10.515709073497291,0.1675844947294422,0.2244414153230725,0.1696702203964527,0.4557956444748,-0.143498141627543,0.4674538018968767,0.8069922164353033,0.1598146037027835,7.723004694835681,1.974196546616571,1.637917136891605,0.1580062794112523,0.6215842060912483,0.2809715268131971,0.6834597327555073,0.1869638930148467,0.2174651824929477,0.2374637789808379,0.5990171665692672,0.2308136335618704,926.1465438565748,1764.0619059446617,4606.004824664499,8112.858050599134,1154.1690608537044,1033.6788134877052,882.5698940120998,-28.182713439895046,2768.951466878256,1452.940411320592,144,852,1
ZincConcentration,0.5168236817486357,0.1852972102308344,-0.0182673400136251,0.1559719122934221,27.762850955738667,7.591967943052614,258.97327044025155,194.06419764485983,0.1065321813862696,0.0383258078381738,-0.0010241752293967,0.0053473392028661,0.0226494187981039,0.0043276569668172,578.8993710691824,178.71075484977257,0.0426116628517235,0.0185813440207712,107.51415094339625,171.93089913241414,0.8396505501192879,0.3676136660667635,35.33647798742138,10.64271044934677,0.0487532403184293,0.0847582030209792,-0.9864167845741564,0.0006344407951729,-0.2652097253914119,0.1715372672444289,0.9827577241141532,0.0058949435462981,159.71069182389937,36.64024420971829,1.1462242769375766,0.0360100394238796,0.5342703118983442,0.0184457254251336,0.3849634193299961,0.0369166036062565,0.0325295579971934,0.0062108434570333,0.0960465540409508,0.0198791828225296,0.5019746199996167,0.1272606988816838,0.2313680748939011,0.0190138601103327,1.4650051886792457,1.081,1.5126292704011566,0.001,16.99,2.105774801001153,2307,636,1
