name,mean_sum_values,std_sum_values,median_sum_values,q1_sum_values,q3_sum_values,max_sum_values,min_sum_values,mean_median,std_median,median_median,q1_median,q3_median,max_median,min_median,mean_mean,std_mean,median_mean,q1_mean,q3_mean,max_mean,min_mean,time_series_length,mean_standard_deviation,std_standard_deviation,median_standard_deviation,q1_standard_deviation,q3_standard_deviation,max_standard_deviation,min_standard_deviation,mean_variance,std_variance,median_variance,q1_variance,q3_variance,max_variance,min_variance,mean_root_mean_square,std_root_mean_square,median_root_mean_square,q1_root_mean_square,q3_root_mean_square,max_root_mean_square,min_root_mean_square,mean_maximum,std_maximum,median_maximum,q1_maximum,q3_maximum,max_maximum,min_maximum,mean_absolute_maximum,std_absolute_maximum,median_absolute_maximum,q1_absolute_maximum,q3_absolute_maximum,max_absolute_maximum,min_absolute_maximum,mean_minimum,std_minimum,median_minimum,q1_minimum,q3_minimum,max_minimum,min_minimum,label_mean,label_median,label_standard_deviation,label_minimum,label_maximum,label_root_mean_square,number_examples,number_dimensions
AcousticContaminationMadrid-no-missing,22211.511764705883,1697.1902723548346,22203.175000000003,21137.5875,23558.15,25581.35,17175.9,60.82240791771254,4.7526193074805185,60.849999999999994,57.525,64.6,70.3,46.8,60.85345688960516,4.649836362615985,60.83061643835617,57.911198630136994,64.54287671232876,70.0858904109589,47.05726027397261,365,1.8747463039223233,0.5253180888344708,1.8035277479009222,1.538514061410996,2.1316519332951547,3.8864414858327483,0.9799885875998037,3.7906327985271133,2.2626631633649694,3.252723891447057,2.3670347274720234,4.543940026271346,15.104427422801859,0.9603776318258581,60.885284779834706,4.640789123747547,60.86203379232486,57.95178125473061,64.59300856794877,70.10026876426308,47.09244618132988,70.91638655462185,6.040203573715051,70.1,67.1,74.15,95.8,55.6,70.91638655462185,6.040203573715051,70.1,67.1,74.15,95.8,55.6,55.08991596638656,5.97091543110228,55.849999999999994,51.6,59.3,66.4,35.1,81.22058823529412,79.8,6.601657901537857,66.9,104.5,81.48843991840889,238,1
AluminiumConcentration,3767.736533404043,358.5625315572714,3771.5049281716347,3561.5046942830086,3988.823811352253,4743.931312561035,2772.4066427350044,1.5094906828456538,0.1905554794256267,1.5185319781303406,1.4140960574150085,1.6355708837509155,1.9455397129058838,0.7995697855949402,1.482193758223463,0.14105528385415872,1.483676210925112,1.4010640024716792,1.56916751036674,1.8662200285448605,1.0906399066620789,2542,0.4138671897809783,0.032820807122491344,0.41373946911090015,0.3933699013796024,0.4371980322340834,0.49902827282529916,0.26507110942100703,0.17236325615737605,0.02686188877357001,0.1711803483001695,0.15473987931139813,0.19114211938935463,0.2490292170790012,0.0702626930496835,1.539416682363984,0.13912032287416226,1.5382683843305014,1.4553236927456352,1.6286887249999602,1.918095421620126,1.1741162875649866,2.3773331795663637,0.1694581594820903,2.3595385551452637,2.256514549255371,2.4991753101348877,3.004443883895874,1.7219514846801758,2.3773331795663637,0.1694581594820903,2.3595385551452637,2.256514549255371,2.4991753101348877,3.004443883895874,1.7219514846801758,0.7918347955906441,0.1029911747254768,0.7903279662132263,0.7340536713600159,0.8380195498466492,1.16933012008667,0.005610157269984484,841.3564594594594,752.0,472.030562048816,5.76,2722.0,964.7245945772701,629,1
AppliancesEnergy,8685.774574957102,21049.57241802973,3634.3917738095233,2756.5175,6015.758125,110790.75,-811.75,60.41288899348452,146.22490284927122,25.05583333333335,19.139583333333313,41.82750000000003,770.0833333333335,-5.75,60.317878992757656,146.17758623631758,25.238831762566136,19.142482638888886,41.776098090277785,769.3802083333334,-5.637152777777778,144,2.70289154431459,3.9964873680673976,1.1929243850294844,0.5932029086125559,2.5416215219548572,23.333701713582837,0.0,23.277533983449583,66.3120867621564,1.4230685913923151,0.3518897552029677,6.45984086198218,544.4616356584586,0.0,60.68176329236796,146.1065856892614,25.37253873004205,19.25093084244557,42.07751698860902,769.3848188552681,0.6859606785152745,65.34667519807358,146.1846577086591,28.695,20.690277777777773,46.70291666666668,772.2999999999998,-3.9,65.380300434624,146.170140516162,28.695,20.690277777777773,46.70291666666668,772.2999999999998,1.5,55.617312059627174,146.21906519563908,22.5,18.0,37.41666666666667,767.2999999999998,-6.6,14.062043795620438,13.21,4.0509644050794416,5.34,26.28,14.633912269832967,137,24
AustraliaRainfall,448.4545333724347,176.7551421668024,448.59999999999997,311.69999999999993,586.8,960.6,-202.5,18.3477825545288,7.353724494255253,18.3,12.7,24.05,40.2,-8.2,18.685605557184783,7.364797590283433,18.691666666666666,12.987499999999997,24.45,40.025,-8.4375,24,3.5466172875580178,1.7722372557052262,3.3888886042804978,2.129745518183387,4.751869149783763,19.002663830076273,0.06871842709362767,15.719319074914972,14.64395491422621,11.48456597222222,4.535815972222223,22.580260416666665,361.10123263888903,0.004722222222222222,19.152188504742167,7.232226015430969,19.11674658512792,13.468806554405628,24.847409321697906,40.23285349064866,0.07637626158259733,24.239936688983594,8.290829674062165,24.3,17.9,30.7,51.2,-6.3,24.253276095515613,8.256962665275427,24.3,17.9,30.7,51.2,0.1,13.502591924725616,7.255958963245011,13.3,8.1,18.8,34.0,-49.4,1.7718869137127415,0.0,18.407174963450455,0.0,6255.6,18.492259823235873,160267,3
BIDMC32HR,2116.575602519224,1756.9941006988608,1866.6744145,1530.38135905,1972.9195805,8308.41129882,-169.1942348,0.4934730473581583,0.4174496624989349,0.44378999999999996,0.3451,0.48431,2.1334,-0.083984,0.529143900629806,0.43924852517471524,0.466668603625,0.38259533976249993,0.493229895125,2.077102824705,-0.0422985587,4000,0.18409738756540767,0.13945435534065884,0.14900773897536973,0.09962120835483174,0.19080849201678646,0.7812561256223107,0.033534800904425295,0.05333936533188666,0.0970624248228115,0.022203306292884823,0.009924385154105793,0.03640788086245583,0.6103611338223838,0.0011245828716994436,0.5799706868017596,0.4357819434355561,0.4824095221954141,0.41728409771029584,0.5110040160618345,2.165321402678654,0.06685468004768425,1.1844096883884767,0.7115748998183895,0.93555,0.76637,1.3789,4.002,0.099609,1.1855376254874828,0.7101112024580294,0.93555,0.76637,1.3789,4.002,0.35938000000000003,0.13276703206566862,0.3533227638245417,0.19453,-0.011765000000000001,0.30205,1.4712,-0.5019600000000001,89.18473659556632,88.71875,13.201944175308244,56.03125,128.25,90.15657808295799,7949,2
BIDMC32RR,2125.89360744778,1762.491396607029,1868.85851,1532.2050145,1973.9486217500003,8308.41129882,-169.1942348,0.49618831533672175,0.4183142877796834,0.44458000000000003,0.3451,0.48485,2.1334,-0.083984,0.5314734018619451,0.44062284915175726,0.4672146275,0.38305125362500003,0.4934871554375001,2.077102824705,-0.0422985587,4000,0.1839820675608136,0.13992147654686377,0.14900773897536973,0.09921653146709042,0.19019631418128874,0.7812561256223107,0.033534800904425295,0.053427420783006316,0.09749479466826039,0.022203306292884823,0.009843920117856383,0.03617463809635373,0.6103611338223838,0.0011245828716994436,0.5819460663415467,0.4374684774174333,0.48298545508269297,0.4179937509781119,0.5116235242310825,2.165321402678654,0.06685468004768425,1.1881092926302415,0.7141247104901529,0.9442799999999999,0.76637,1.3856,4.002,0.099609,1.1892485520965692,0.7126456713645777,0.9442799999999999,0.76637,1.3856,4.002,0.35938000000000003,0.13552100481448537,0.35215043121293776,0.19530999999999998,-0.009765600000000001,0.30303,1.4712,-0.5019600000000001,17.571403057038314,17.8125,3.0393552177529575,0.15384615384615385,27.375,17.83232698030679,7870,2
BIDMC32SpO2,2116.575602519224,1756.9941006988608,1866.6744145,1530.38135905,1972.9195805,8308.41129882,-169.1942348,0.4934730473581583,0.4174496624989349,0.44378999999999996,0.3451,0.48431,2.1334,-0.083984,0.529143900629806,0.43924852517471524,0.466668603625,0.38259533976249993,0.493229895125,2.077102824705,-0.0422985587,4000,0.18409738756540767,0.13945435534065884,0.14900773897536973,0.09962120835483174,0.19080849201678646,0.7812561256223107,0.033534800904425295,0.05333936533188666,0.0970624248228115,0.022203306292884823,0.009924385154105793,0.03640788086245583,0.6103611338223838,0.0011245828716994436,0.5799706868017596,0.4357819434355561,0.4824095221954141,0.41728409771029584,0.5110040160618345,2.165321402678654,0.06685468004768425,1.1844096883884767,0.7115748998183895,0.93555,0.76637,1.3789,4.002,0.099609,1.1855376254874828,0.7101112024580294,0.93555,0.76637,1.3789,4.002,0.35938000000000003,0.13276703206566862,0.3533227638245417,0.19453,-0.011765000000000001,0.30205,1.4712,-0.5019600000000001,96.73359964373947,97.53125,3.2727432212026013,83.875,100.0,96.78894641552414,7949,2
BarCrawl6min,-51.14214541307136,11850958032.148895,0.2989964389233954,-0.7589321743618653,2.7060875126746176,65124277509.932106,-65124281380.69072,-0.16046329497500242,32945548.933177736,0.00019545454545454545,-0.001362789634146342,0.005285113636363636,180900768.0,-180900784.0,-0.14206151464092198,32919327.867080264,0.0008305456636760983,-0.0021081449287829596,0.007516909757429493,180900770.86092252,-180900781.61302978,360,2079913.5885377678,12880137.707504416,0.022698987922362066,0.003351852692168189,0.08528983413012958,90415482.3887521,7.113654031254277e-05,170223987900061.12,1090571955576929.5,0.000515244052699539,1.1258113420799733e-05,0.007275289254550114,8174959455590741.0,5.060407367638022e-09,7862933.603173555,34526517.49413011,0.02456944950399984,0.006163036708495643,0.169179877977132,180900781.61302987,9.074036869955879e-05,2400011.448361887,36010152.766908154,0.1341825,0.0160625,0.4191144441326531,180900784.0,-180900768.0,9600042.478552435,40552363.267316915,0.16877727272727272,0.028925891920000002,0.6378597135238095,180900784.0,0.0002525,-2400011.5074938466,36010152.08170598,-0.08801,-0.3281275,-0.004302980769230769,180900764.16,-180900784.0,0.06700297259973034,0.0577873699605463,0.0585111039591083,-0.0212745069534411,0.244715325903414,0.08895475042803389,201,3
BeijingIntAirportPM25Quality,4218.070906004667,9038.572310882375,96.985,0.0,558.0,25043.0,-800.0,174.9675659523304,377.0649828673377,2.6725,0.0,22.0,1044.5,-33.0,175.7529544168612,376.607179620099,4.041041666666667,0.0,23.25,1043.4583333333333,-33.333333333333336,24,4.339340704129667,10.649712910183327,1.5723301886761007,0.0,3.7480894033199545,183.9460388601135,0.0,132.246262815842,960.7511347879505,2.4722222222222223,0.0,14.048177083333332,33836.14521232639,0.0,179.28559023941222,375.11463864128547,9.274075143903215,0.0,25.225854485485,1043.4612474835853,0.0,183.91307977933374,375.4359637917813,11.0,0.0,37.0,1046.0,-26.0,185.9993305750053,374.4314795097138,15.0,0.0,37.0,1046.0,0.0,170.38352853808615,377.4457633859035,0.45,0.0,15.0,1040.0,-40.0,98.69791003607044,78.41666666666667,76.86932982026164,2.9583333333333335,493.9166666666667,125.10064473256891,1571,6
BeijingPM10Quality-no-missing,6359.196804905429,13635.118417501742,453.1,39.7,2296.0,225650.0,-792.5,255.7518312518443,560.3776195107426,17.15,1.5,92.5,9639.285714285714,-33.35,264.9665335377262,568.1299340625726,18.879166666666666,1.6541666666666668,95.66666666666667,9402.083333333334,-33.020833333333336,24,58.07997224362456,199.7376343655121,2.9895651857753496,0.9950310534535685,18.289531108070932,3996.5523336440315,0.0,43268.40575775119,332909.17803489167,8.9375,0.9900868055555561,334.5069487847222,15972430.555555552,0.0,279.5668146591076,598.4059556622525,20.915250602912877,3.1705677704549555,106.81817433880171,9419.747968269336,0.0,385.5039030025191,895.1832782871619,29.0,3.8,175.0,10000.0,-28.5,386.6187011757408,894.7073800629063,29.0,6.0,175.0,10000.0,0.0,187.81951997517316,406.7576776603141,6.0,0.2,44.0,8200.0,-43.4,198.36072144288576,171.0,128.17254473063258,5.0,999.0,236.16768837855048,16966,9
BeijingPM25Quality-no-missing,6359.196804905429,13635.118417501742,453.1,39.7,2296.0,225650.0,-792.5,255.7518312518443,560.3776195107426,17.15,1.5,92.5,9639.285714285714,-33.35,264.9665335377262,568.1299340625726,18.879166666666666,1.6541666666666668,95.66666666666667,9402.083333333334,-33.020833333333336,24,58.07997224362456,199.7376343655121,2.9895651857753496,0.9950310534535685,18.289531108070932,3996.5523336440315,0.0,43268.40575775119,332909.17803489167,8.9375,0.9900868055555561,334.5069487847222,15972430.555555552,0.0,279.5668146591076,598.4059556622525,20.915250602912877,3.1705677704549555,106.81817433880171,9419.747968269336,0.0,385.5039030025191,895.1832782871619,29.0,3.8,175.0,10000.0,-28.5,386.6187011757408,894.7073800629063,29.0,6.0,175.0,10000.0,0.0,187.81951997517316,406.7576776603141,6.0,0.2,44.0,8200.0,-43.4,142.53094424142404,118.0,106.56555973395832,3.0,999.0,177.9642902038602,16966,9
BenzeneConcentration-no-missing,163473.7702275396,131595.62008498475,212083.83333333337,7397.899999260899,258575.97916666666,424600.75,95.04039282707166,661.6851000566273,534.0755745693746,849.0,29.474999904633,1041.5,1747.25,0.3716908322938397,681.140709281415,548.3150836874365,883.6826388888891,30.824583330253745,1077.3999131944443,1769.1697916666667,0.39600163677946526,240,164.9719610594817,138.01292074821126,194.8760303226407,6.970819383727498,262.4817313017733,628.3956522177351,0.07024821929527031,46263.31422926319,51883.75137936621,37976.66719468682,48.59232295119784,68896.65926752536,394881.0957261527,0.004934812314156387,702.8989449723168,562.8485446597659,919.7574083423974,32.24689510415911,1109.982408149423,1785.7291403358674,0.4021841725455788,1193.0656590267283,949.720928671392,1567.5,52.66250038147,1901.75,2775.0,0.6577955827330974,1193.0656590267283,949.720928671392,1567.5,52.66250038147,1901.75,2775.0,0.6577955827330974,384.4226563392396,357.9723591619819,387.5,14.550000190735,606.0,1343.25,-1.8999999761581,10.14410903920144,8.313749266595785,7.4806121534001155,0.14904773883376646,63.74147644829163,12.604067057454348,8512,8
BinanceCoinSentiment,603854.1614340305,1322723.9458968635,126513.66,10046.575,844350.89725,20188858.198,970.3008,21135.130256939166,44451.08828277641,4639.62425,420.75625,29717.534874999998,676892.0464999999,40.0984,25160.590059751266,55113.49774570264,5271.402500000001,418.6072916666667,35181.28738541667,841202.4249166666,40.4292,24,13917.191862134778,34043.38829365705,2089.374484443888,5.0210895103720175,16357.612690820833,451366.4965702877,0.9168596389306274,1352640515.8401763,11238458818.096006,8568395.317837335,25.21138888888894,267571751.6779707,203731714226.13553,0.8406315975000004,29091.10076080574,64628.95092979035,5998.583329313892,418.80804401915645,39940.62510026915,954648.2252179678,40.4395950058541,68817.78934087454,158046.45907479737,12652.09,427.75,83065.53025,1919532.99,42.0266,68817.78934087454,158046.45907479737,12652.09,427.75,83065.53025,1919532.99,42.0266,10147.759200190112,17061.42175143444,2980.2825,407.15,15476.65625,199414.015,39.0528,0.3414399239543726,0.3914,0.3486313699773926,-0.818,0.997,0.4879805875260627,263,2
BitcoinSentiment,475923.3599685494,523984.06051967514,241120.60000274002,1965.5697943175,966746.6675000001,1621834.97,365.72624783000003,19814.39198213875,21845.051225655898,9984.2693438475,58.7726406325,40342.0175,67633.285,10.267720715,19830.139998689556,21832.669188319796,10046.691666780833,81.89874142989584,40281.11114583333,67576.45708333333,15.238593659583335,24,278.5468478824536,310.786599531454,146.7653007680508,61.910219712015085,398.05336429853315,1926.6832516950792,10.65348018388647,174176.6569135751,406575.68512442,21540.053643373598,3832.931129857246,158446.5230332031,3712108.352362324,113.4966400284617,19848.072818266064,21820.359261752714,10237.023256020877,103.63840606338923,40285.30429616835,67578.7080631849,19.71906582082766,20368.934557115615,22146.35144966367,11927.752230775,266.287564075,41362.165,68627.01,52.0388006,20368.934557115615,22146.35144966367,11927.752230775,266.287564075,41362.165,68627.01,52.0388006,19372.97527644352,21432.82276441881,9035.337585105,16.4194459275,39418.725,66554.72,0.0,0.22733644578313253,0.1876,0.24271992591619904,-0.733,0.988,0.33255799797640156,332,2
BoronConcentration,3754.5098220403356,381.51177497637593,3792.023557305336,3527.4090108573437,4013.4411760270596,4715.008899688721,-6.364066471694969,1.502024515081731,0.2010484052510985,1.5208869576454163,1.3967916369438171,1.6293377429246902,1.9604629278182983,-0.00205358921084553,1.476990488607528,0.1500833103762297,1.4917480555882516,1.3876510664269646,1.5788517608288983,1.8548422107351379,-0.0025035666686447555,2542,0.41314709847092806,0.03604638773693445,0.41317823161070866,0.3933204861024858,0.4362629163774132,0.4993656264462988,0.0011082317986977367,0.1719898670438282,0.02715397429872997,0.17071625862555215,0.15470100489775898,0.19032533269601817,0.2493660288761044,1.2281777196448209e-06,1.5342599028750452,0.14853390510007042,1.5448609073388213,1.4432260873680325,1.635413620046899,1.8960604321924368,0.0027378867368819007,2.368583706879472,0.18529899551407067,2.370022773742676,2.251672387123108,2.485339105129242,2.834012031555176,-0.0006758741801604629,2.3685954716607047,0.1851487418361593,2.370022773742676,2.251672387123108,2.485339105129242,2.834012031555176,0.006688878871500492,0.7894411841362786,0.10125044162342779,0.7894096970558167,0.734747588634491,0.8445150405168533,1.1124845743179321,-0.006688878871500492,0.4748784345047923,0.1121,2.4147005260175898,0.001,55.09,2.4609526931469747,626,1
CalciumConcentration,1134.4420462663013,283.64850319369225,1085.3676052093506,934.0001007020473,1286.2855386137962,2211.686308503151,580.1789129823446,0.44987884234255693,0.12024834883847146,0.42776912450790405,0.3650043159723282,0.5149827599525452,0.9137113094329834,0.2186320424079895,0.4917390751045953,0.1229512367549598,0.4704671023881017,0.40485483342091344,0.5575576673661882,0.9586850058531213,0.2514863081848048,2307,0.2314032754065144,0.019322076950872093,0.228914292491451,0.21913167552986357,0.24293058678254115,0.30344542507315314,0.17879886724005803,0.0539208185265586,0.009181511144556285,0.05240175330686159,0.04801869140178475,0.05901527005312264,0.09207912599782661,0.0319690349263279,0.5461294056495222,0.11219543402365052,0.5242080560307906,0.4666184853461316,0.6062395592425729,0.9790613073669188,0.32349621951133334,2.867625184697429,0.36713079177199287,2.7609901428222656,2.599385380744934,3.110805034637451,4.52369499206543,2.27768611907959,2.867625184697429,0.36713079177199287,2.7609901428222656,2.599385380744934,3.110805034637451,4.52369499206543,2.27768611907959,0.3657259873987183,0.12108003326934816,0.33236610889434814,0.2774618864059448,0.4225160628557205,0.8637446761131287,0.17664572596549988,1755.4055606299212,627.0,3509.729548804792,0.001,34460.0,3924.238803646376,635,1
CardanoSentiment,212820.65126647675,308628.4640687478,23785.76317924,12.53462,347813.50131713494,1892322.7359931502,10.338560000000001,2897.2760133889255,6523.293395700053,22.908131207500002,0.52338125,3348.96528076,62028.545152574996,0.43257,8867.527136103197,12859.519336197825,991.0734658016667,0.5222758333333334,14492.229221547292,78846.78066638125,0.4307733333333334,24,15725.889070066343,22361.518283515037,1934.5510763152954,0.008048386313978069,26155.348183595896,104267.67940098896,0.0018384889628895406,747341086.9880097,1699626816.1108494,7484816.797544784,6.477656718749977e-05,684180361.9990827,10871748967.667418,3.380041666666658e-06,18218.493344959996,25679.32752809603,2185.733846531756,0.5224530117644623,29609.36809423243,128557.98358353971,0.4308420972061574,66907.46213255837,98712.65935353255,7262.98647074,0.5419475,103969.85622784999,527376.93046093,0.4391,66907.46213255837,98712.65935353255,7262.98647074,0.5419475,103969.85622784999,527376.93046093,0.4391,67.15679251247664,487.13655313609615,0.44109,0.0,0.5489025000000001,5060.53402607,0.0,0.18259439252336448,0.178,0.27894632044209217,-0.494,0.984,0.33339430389429103,107,2
ChilledWaterPredictor,8172.610841979316,12643.05069639547,1596.85,460.58604463646435,7545.739490019577,45330.0,-3558.7000000000003,49.22551193025253,79.3171917540451,9.4,2.6,34.4,310.0,-22.2,48.64649310701974,75.25625414521113,9.505059523809525,2.7415835990265736,44.915116012021294,269.82142857142856,-21.182738095238097,168,27.64092667773592,42.63946143023799,4.327637543974557,2.3171569921998727,16.039666397936877,145.6693262927755,0.7487205640245211,2582.1444986647266,4781.1976713060485,18.72844671201814,5.369216535572563,345.52255072912476,21219.5526225911,0.560582482993197,57.873044098783716,85.22229957578527,11.906580077603696,4.464350803762486,52.89017926982596,281.98383101231343,1.632008695121561,100.30473751055293,147.5573125600636,19.4,8.9,85.4,360.0,-12.8,101.44990800500618,146.8608467279911,20.6,10.6,85.4,360.0,3.9,0.9963337112481737,9.559948730019196,0.0,0.0,4.143636880700712,50.0,-35.0,652.5024554051702,217.23707648809523,2582.1593589353124,0.0,29015.31894914747,2663.326192798584,459,4
CopperConcentration,3705.2701930507637,352.9805210684085,3723.34921425581,3460.885027527809,3950.582011938095,4824.164036870003,2733.7488203048706,1.4736481568582107,0.1919672337961695,1.4889059662818909,1.353840172290802,1.6030367612838745,1.9851902723312378,0.7756923735141754,1.4576200602087976,0.13885937099465323,1.4647321849944177,1.3614811280597203,1.5541235294799745,1.8977828626553905,1.0754322660522702,2542,0.4119898692484002,0.03438631204801959,0.41212434969991923,0.39328822470828945,0.4351070320326504,0.5340902727782526,0.2576797169248641,0.17091807081957772,0.027906748358157464,0.16984647961558133,0.154675627694198,0.18931812932426184,0.2852524194763482,0.06639883651447809,1.515360349733661,0.13615890022610977,1.5216400444494935,1.4198366346244455,1.6111505915132067,1.9395241011669526,1.1801665188409307,2.351058980618827,0.1626875702284501,2.352806568145752,2.2279889583587646,2.453319787979126,2.901829481124878,1.8412046432495117,2.351058980618827,0.1626875702284501,2.352806568145752,2.2279889583587646,2.453319787979126,2.901829481124878,1.8412046432495117,0.7730089086796408,0.11195129236079196,0.7742985486984253,0.7178641557693481,0.8327959179878235,1.1368569135665894,-0.7659385800361633,1.7155774244833066,1.02,2.1268983828049013,0.001,20.0,2.7325633808156917,629,1
Covid19Andalusia,6277.220588235294,6735.240692190071,4116.5,1717.5,7859.75,40007.0,82.0,51.0735294117647,55.76692994758226,34.0,14.0,67.25,364.0,0.0,68.98044602456368,74.01363398011068,45.23626373626374,18.873626373626372,86.37087912087912,439.6373626373626,0.9010989010989011,91,56.91570589142068,64.51441900189371,35.11891813959551,15.441676087255088,67.48562897461349,365.68798609736274,0.9613971638725013,7401.507836270603,17909.553141011278,1233.3636034295375,238.44577949523003,4554.514249486776,133727.70317594497,0.9242845067020891,89.81215459996005,97.83457809523692,58.20899886657035,24.858606067621455,108.38388098220477,564.2660213561887,1.3176736076372388,231.62745098039215,251.09711899584252,140.5,68.75,270.75,1373.0,4.0,231.62745098039215,251.09711899584252,140.5,68.75,270.75,1373.0,4.0,3.6323529411764706,5.076583337761377,2.0,0.0,5.0,30.0,0.0,0.02313899792870394,0.010668579661714674,0.03233048608144174,0.0004610773841543072,0.16923076923076924,0.03975768548855508,204,1
Covid3Month,3752.2885572139303,15884.37235933696,128.0,15.0,763.0,140640.0,1.0,0.7711442786069652,10.17140970109561,0.0,0.0,0.0,144.5,0.0,44.67010187159441,189.09967094448766,1.5238095238095237,0.17857142857142858,9.083333333333334,1674.2857142857142,0.011904761904761904,84,101.57193713243184,452.44754893821727,4.698551786336816,0.8285577448240626,23.288303853477224,4971.155917536945,0.10845754260886069,215025.64295303525,1818001.0875316528,22.076388888888886,0.6865079365079365,542.3450963718822,24712391.156462587,0.011763038548752833,111.33555957058388,490.28985272048243,5.079135659501432,0.8451542547285166,25.093396968696197,5245.533701114102,0.10910894511799618,473.69651741293535,2033.5310104802645,29.0,6.0,129.0,20341.0,1.0,473.69651741293535,2033.5310104802645,29.0,6.0,129.0,20341.0,1.0,0.0,0.0,0.0,0.0,0.0,0.0,0.0,0.03778606036250496,0.02373339301987242,0.04161979397945281,0.0,0.18181818181818182,0.05621382044133778,201,1
DailyOilGasPrices,3584039.44856021,5075814.171213777,11428.12,1660.68,6788818.25,22135836.0,586.37,123787.21506544501,185201.68805325535,115.245,55.16,227813.5,792888.0,19.32,119467.98161867366,169193.8057071259,380.9373333333333,55.356,226293.94166666668,737861.2,19.545666666666666,30,50782.49872338053,84015.37961949222,256.06640887410896,2.1529341913153894,78096.60593060705,396407.6493594399,0.3524928683281723,9637446189.197535,24129921149.020336,126350.72487888888,4.635150083333334,6099462566.045556,157139024470.67667,0.1242512222222222,131591.25065644307,187670.80609826112,600.8093337757625,55.39620742498583,239610.1536408517,780919.14343313,19.577012455087896,212689.96314136125,314760.56715866656,1151.145,61.0775,362491.25,1404916.0,21.62,212689.96314136125,314760.56715866656,1151.145,61.0775,362491.25,1404916.0,21.62,11528.272015706803,17595.845877131644,66.32,30.4025,27571.75,64584.0,0.0,4.473358987783595,3.901266666666666,2.1738877909958867,1.7484999999999997,12.725833333333334,4.973603197021777,191,2
DailyTemperatureLatitude,6619.924370918367,2536.845889776888,6584.397500000001,4622.6475,9132.835,11327.720000000001,-1356.14,18.620896173469387,6.888141137734673,18.41,13.18,25.5,32.45,-3.39,18.136779098406485,6.950262711717502,18.039445205479453,12.664787671232876,25.021465753424657,31.034849315068495,-3.715452054794521,365,6.131390759604628,3.6646239691362927,6.324931075696348,2.789380640945356,9.04777572589585,17.28610966199126,0.3998824053077176,51.02342148213326,49.18748820366722,40.00475312141114,7.780644457872021,81.86224558904111,298.8095872463877,0.15990593807468576,20.014008061510705,5.264200853140289,19.32881108675948,15.681265285094597,25.379702135523054,31.36601427511709,6.122100588559319,29.305055612244903,4.257850200190751,29.07,26.98,31.72,44.56,9.48,29.434046683673465,4.234186735891825,29.18,27.15,31.82,45.34,9.48,3.9895792091836735,14.422351335398991,4.75,-6.362500000000001,16.5,27.71,-45.34,24.284643469387756,30.051650000000002,21.318758588301854,-41.3,64.15,32.31460004675242,39200,1
DhakaHourlyAirQuality,2127.146905222437,1557.1352897656504,1527.9,878.575,3187.9000000000005,8097.7,107.70000000000002,86.60507736943907,66.5304718571543,59.825,33.55,132.3125,335.1,3.55,88.63112105093488,64.88063707356876,63.6625,36.60729166666667,132.82916666666668,337.40416666666664,4.487500000000001,24,27.605062050878686,23.410757685092953,20.346827043965625,11.097320067207988,37.23519607095633,241.33072095156058,2.021030918175727,1310.1030262230013,2739.1933827227713,413.9934548611111,123.15051649305556,1386.4598567708333,58240.516874999994,4.084565972222222,93.46302912978192,68.1156215410691,67.02569826057103,38.9542029774575,141.10897813119126,414.3974933563185,5.02058263551154,145.3189071566731,104.96059933762032,110.45,65.0,205.3,844.9,8.3,145.3189071566731,104.96059933762032,110.45,65.0,205.3,844.9,8.3,49.96334622823985,39.63978877079298,37.5,18.9,72.125,234.6,0.0,153.61287072856223,147.04166666666669,63.04283724593765,18.708333333333332,374.7916666666667,166.0461182367349,2068,1
ElectricMotorTemperature,586.1307556466115,4184.499621007002,1139.06178855896,-178.82014119625092,2327.8213658578215,18102.414581298828,-16937.20729778911,9.904571545688881,70.20310273973728,18.94446325302124,-2.2834495820158143,38.37784578725037,301.7069396972656,-283.9928735480429,9.768845927443525,69.7416603501167,18.984363142649332,-2.9803356866041817,38.797022764297026,301.70690968831383,-282.2867882964852,60,4.947695580779592,11.9791806662819,0.08304480685200062,0.01455273059614451,1.213564406853456,178.04730939819652,0.0,167.98046099548802,700.1143736675239,0.0068964399466838735,0.00021178196824071858,1.472738980137811,31700.844383937114,0.0,51.66697521355309,49.57654357075279,28.445201815975864,18.587916247297358,80.82708124969494,301.70690968851414,6.549848883033909e-06,17.697165921030756,69.34776746289609,19.99680805206299,-1.9988497793674467,49.765501911234374,301.7078552246094,-270.89630126953125,58.436597929642886,56.2092835572554,31.773424314348365,18.982742309570312,93.7218349476579,301.7078552246094,1.7691452313505478e-05,1.2469411813647588,74.62012027446131,18.365031242370605,-8.277302026748657,28.704618807411926,301.70611572265625,-293.426792941564,58.84096154290737,60.59318627084579,19.102471269842468,21.13218688964844,113.60662841796876,61.86407005612435,22148,6
ElectricityPredictor,8575.31224671999,13034.976341731219,1937.6965119198567,596.1750000000001,7545.739490019577,50110.0,-3558.7000000000003,51.569704097338544,82.03186355698743,11.7,3.5874999999999995,34.4,310.0,-22.2,51.04352527809518,77.58914489125725,11.533907809046765,3.548660714285715,44.915116012021294,298.2738095238095,-21.182738095238097,168,26.319085950763892,41.74693361122969,3.659927531495963,2.162455436120323,12.86605286047537,147.62730391657908,0.4109109260115216,2435.5007512241164,4719.619021020178,13.395077947845806,4.676214569160998,180.72484950751135,21793.820861678003,0.16884778911564619,59.12405677685525,86.979098289436,12.634369153002599,4.898053230474879,52.726848757768224,302.3843738089148,1.632008695121561,100.41084819731367,146.9134065318858,19.0,9.8,85.4,360.0,-12.8,101.07441320307018,146.50909098709968,20.0,10.8,85.4,360.0,3.9,3.498268550196744,14.280131176517482,0.0,0.0,7.625,230.0,-35.0,262.40389894143163,158.77404673654596,467.15749138550206,0.06028102362801179,2625.106765873016,535.80960045268,810,4
EthereumSentiment,44499.1707936198,33102.56900587002,36386.10189567,16374.7400581375,70894.70000000001,319719.31834411,1617.1953927700001,1709.1298121914044,1419.9118491919783,1221.2175,446.4153574,2915.84375,10771.491230035,48.97025606,1854.132116400825,1379.2737085779174,1516.0875789862498,682.2808357557292,2953.9458333333337,13321.638264337917,67.38314136541668,24,455.11478206580557,750.091552599855,103.32699555663265,34.60894517023169,589.6916413168894,8193.532594338802,4.787245913623004,769766.8021364667,3371808.446746352,10676.470434781339,1197.7791288628491,347736.2354448374,67133976.37449233,22.917723437500154,2039.605483785053,1396.4161775393795,1747.9757844761252,936.3153897466984,3011.394228747488,15639.693808395497,97.59998708473476,3358.60965939007,3016.5967964658125,2804.715,1739.94,3941.6623960525003,33105.97287196,247.65596359,3358.60965939007,3016.5967964658125,2804.715,1739.94,3941.6623960525003,33105.97287196,247.65596359,1444.4231690617696,1474.7421824048547,1016.665,103.01843506499999,2802.415,4733.09,0.0,0.31666657303370793,0.33175,0.2619568341457646,-0.95,0.995,0.4109733585435731,356,2
FloodModeling1,82.87948421167142,34.26194615610336,82.33294447615,55.016639549999994,109.12668751251,171.860527015829,13.213482905200001,0.011820144811427043,0.03805762514408869,0.0,0.0,0.0,0.327182904,0.0,0.3115770083145542,0.12880430885753144,0.30952234765469927,0.20682947199248117,0.41025070493424814,0.6460922068264249,0.04967474776390978,266,0.8291119894368466,0.3032770617948362,0.7952505349479865,0.6433036446701699,0.9781638919158817,5.044709655988468,0.26830853594595167,0.7794036672388344,1.0734356051329879,0.6324234133350586,0.41383957924592424,0.9568045994480248,25.449095513223288,0.07198947046146005,0.8918425249897335,0.312556170870589,0.8626874752231254,0.6972166188687284,1.0475668805375762,5.054219013449525,0.2728681935053408,6.038776984621099,4.18405166821437,5.11903539,3.8452695,6.87981075,82.43181750000001,3.01838182,6.038776984621099,4.18405166821437,5.11903539,3.8452695,6.87981075,82.43181750000001,3.01838182,0.0,0.0,0.0,0.0,0.0,0.0,0.0,0.44121693907875187,0.436,0.021026493119848173,0.405,0.675,0.44171767085202973,673,1
FloodModeling2,82.10850776935159,33.23659013360509,81.96536038539,54.84824285555899,106.9024243507145,167.92405744413,11.8524597577,0.014294823420007497,0.04025968983094931,0.0,0.0,0.0,0.29987872849999997,0.0,0.3086786006366601,0.1249495869684402,0.3081404525766541,0.20619640171262782,0.40188881334855076,0.6312934490380827,0.044558119389849625,266,0.890816770433713,0.5824596782458101,0.7892924482347724,0.6479971702202632,0.9718200839460265,8.481593616121392,0.30537802636174305,1.132813795268163,3.790260012053951,0.6229825688404408,0.4199003762844886,0.9444369336733156,71.93743026903115,0.09325573898459343,0.9518282531175815,0.5811468399723833,0.8626887414454781,0.7134673314000364,1.0390126883375403,8.497581554186246,0.3108902334321995,7.282635504467766,9.799425460747582,5.13591515,3.85389055,7.33807757,138.591361,3.0012412,7.282635504467766,9.799425460747582,5.13591515,3.85389055,7.33807757,138.591361,3.0012412,0.0,0.0,0.0,0.0,0.0,0.0,0.0,0.23214842578710648,0.23,0.013407258537071426,0.23,0.408,0.23253525792213003,667,1
FloodModeling3,83.78385155986145,35.719390619036204,83.57909850058,55.92798519301,112.71286119759,170.88981898000003,12.34045660724,0.01010827518344935,0.03380705373250072,0.0,0.0,0.0,0.327182904,0.0,0.31497688556338893,0.13428342337983534,0.3142071372202256,0.21025558343236844,0.4237325608931955,0.6424429284962407,0.04639269401218045,266,0.8419812725421685,0.28834391997233527,0.8123276993736324,0.6530845549632608,0.980078574296065,2.6145279856916552,0.2858413411451962,0.7920746794967419,0.616306665448898,0.6598762911696584,0.4265194359315604,0.9605540117942075,6.835756587964863,0.08170527230768446,0.905163023498189,0.2999950943301898,0.8790875892736814,0.7103939708569422,1.057087261926103,2.6194564122817496,0.2895959884115821,6.108587095171289,3.4806618215645386,5.09580729,3.97928029,6.83299644,42.7220412,3.0033008999999997,6.108587095171289,3.4806618215645386,5.09580729,3.97928029,6.83299644,42.7220412,3.0033008999999997,0.0,0.0,0.0,0.0,0.0,0.0,0.0,0.40209787928221863,0.39799999999999996,0.01952411514447353,0.368,0.499,0.4025716030663767,613,1
GasSensorArrayAcetone,3231.3056245689654,3715.814004378498,2169.55743,835.2038224999999,4303.19416,31235.54157,-609.63093,0.48916442887931033,0.5546889823507607,0.326835,0.12823,0.6560025,4.729215,-0.08936,0.43084074994252874,0.4954418672504664,0.289274324,0.11136050966666666,0.5737592213333333,4.164738876,-0.081284124,7500,0.19680584325100803,0.22010791442175975,0.13412884151465018,0.0552116996554361,0.2594912588435379,1.7403474107271122,0.0007240344580860776,0.08718003392883707,0.2643112045691155,0.01799681843847011,0.0030485728785106182,0.06733571728674823,3.0288091100245635,5.242258964960001e-07,0.4782501025792109,0.538092249477244,0.32147490978243315,0.12406741505941099,0.6333980854579321,4.513741132950615,0.0007819991986355656,0.6503296336206896,0.7492648090741295,0.45074000000000003,0.1735275,0.8584725,6.09739,0.0,0.6542724999999999,0.7460214899810712,0.45074000000000003,0.1735275,0.8584725,6.09739,0.00193,-0.005469396551724137,0.0166168757846578,-0.00097,-0.0024000000000000002,-0.0002875,0.0,-0.13285,0.19439655172413794,0.1,0.2948020633235689,0.0,1.0,0.3531264304212713,464,1
GasSensorArrayEthanol,3133.977125948276,3212.9149458302486,2229.45859,863.3659175,4714.5499275,29490.91596,-724.3928099999999,0.47611973060344825,0.4866277634538515,0.329275,0.13011250000000002,0.7100575,4.50415,-0.10606,0.41786361679310347,0.42838865944403315,0.2972611453333333,0.11511545566666667,0.628606657,3.9321221279999996,-0.09658570799999999,7500,0.18817877135990385,0.1832976316717699,0.13639912648522082,0.05719163861084477,0.273835172123217,1.7647889722078327,0.0003252191778519014,0.06900927176700279,0.1753439094626704,0.0186054451991026,0.0032712850741033117,0.0749878617451924,3.1144801164263782,1.0576751364266667e-07,0.46318343298879994,0.461082666071261,0.3306519433790629,0.12894822518130666,0.6806747766977674,4.309995886997298,0.00033107030471890206,0.621268900862069,0.6195728454895139,0.451265,0.1752325,0.913285,5.85849,0.0,0.6255254310344828,0.6155589409317528,0.451265,0.1752325,0.913285,5.85849,0.00108,-0.006015150862068966,0.018601240375623433,-0.0009,-0.0022775,-0.00036,0.0,-0.15177,0.2101293103448276,0.1,0.3218427285173992,0.0,1.0,0.38436580098327844,464,1
HotwaterPredictor,8739.86314960901,13630.987994699379,1356.5,509.0455653587184,8122.511625795195,45610.0,-3140.0488331220076,52.89612914871557,85.8078262044825,8.149999999999999,2.8,37.900000000000006,310.0,-19.5,52.02299493814886,81.13683330178202,8.074404761904763,3.0300331271352285,48.34828348687616,271.48809523809524,-18.690766863821473,168,26.88823428427651,41.82678735736261,4.120392407030488,2.2917915106057856,13.323749929783641,147.62730391657908,1.0568344681029862,2472.457283564171,4660.31034562245,16.977633587914504,5.252310179280045,214.38726447349777,21793.820861678003,1.1168990929705216,60.36728982604999,90.09897515065128,10.196135002374477,4.383928395192068,54.24809029716918,283.563631894736,1.632008695121561,100.28930480949595,148.57274535017373,16.4,8.9,107.9,360.0,-4.4,101.35531089113695,147.9303691435213,18.25,10.0,107.9,360.0,3.9,1.6263597247655401,12.267107186946003,0.0,-0.6,5.525,170.0,-35.0,907.1796540180732,228.0884598214286,1427.4870296279043,7.127856666666666,9535.67500892857,1691.35866817782,351,4
HouseholdPowerConsumption1-no-missing,73241.49302375961,136840.62059204958,5942.0,1538.5,12147.0,356306.41,0.0,49.487534111740985,95.81265166594262,1.0,0.0,6.0,247.845,0.0,50.8621479331664,95.02820874447886,4.126388888888889,1.0684027777777778,8.435416666666667,247.43500694444444,0.0,1440,4.606914084736725,3.1391559337587522,4.1779605064020835,2.1091983474741562,7.297464724789235,17.41034063243738,0.0,31.077957360598404,35.15351614696046,17.455353993055557,4.448717888575423,53.25299141589507,303.1199609375,0.0,53.282989920100675,93.85797511183907,7.6547080646851295,4.7280553969177435,12.597673786875117,247.4506778558496,0.0,70.37578756114604,89.58894544545629,30.0,19.0,57.0,254.15,0.0,70.37578756114604,89.58894544545629,30.0,19.0,57.0,254.15,0.0,46.82101467505241,93.2282492497515,0.0,0.0,1.0,241.09,0.0,1561.3749699510831,1542.7419999999997,606.9572350824876,14.218,4773.386,1675.1981620121016,1431,5
HouseholdPowerConsumption2-no-missing,73241.49302375961,136840.62059204958,5942.0,1538.5,12147.0,356306.41,0.0,49.487534111740985,95.81265166594262,1.0,0.0,6.0,247.845,0.0,50.8621479331664,95.02820874447886,4.126388888888889,1.0684027777777778,8.435416666666667,247.43500694444444,0.0,1440,4.606914084736725,3.1391559337587522,4.1779605064020835,2.1091983474741562,7.297464724789235,17.41034063243738,0.0,31.077957360598404,35.15351614696046,17.455353993055557,4.448717888575423,53.25299141589507,303.1199609375,0.0,53.282989920100675,93.85797511183907,7.6547080646851295,4.7280553969177435,12.597673786875117,247.4506778558496,0.0,70.37578756114604,89.58894544545629,30.0,19.0,57.0,254.15,0.0,70.37578756114604,89.58894544545629,30.0,19.0,57.0,254.15,0.0,46.82101467505241,93.2282492497515,0.0,0.0,1.0,241.09,0.0,177.05789937106917,171.058,50.10748132802219,2.8600000000000003,417.834,184.01157413253588,1431,5
IEEEPPG,731.5546940568476,3473.6086833220365,347.0805,-222.74849999999998,935.5982999999999,39832.5,-28417.0,0.16900433462532302,6.84400517721158,0.2964,-0.42217499999999997,0.7098,62.75,-44.75,0.7315546940568475,3.473608683322036,0.3470805,-0.2227485,0.9355982999999999,39.8325,-28.417,1000,25.064537939013576,43.44703208974296,0.9515228486643339,0.47343749896546544,36.29909638231009,369.18697942235184,0.016546710493629848,2515.8756595034056,8103.886666548665,0.9053957412770399,0.22414306666401,1317.6244043124998,136299.02577500005,0.0002737936281600001,25.298523915394433,43.456431937756555,1.241843201480215,0.6626005654752696,36.508269611005076,369.74383970527487,0.03299132613278829,68.13930706718347,116.5080936049729,3.6035999999999997,1.2713999999999999,101.5,946.5,-0.5538,75.59069241602067,131.88208647217758,3.7518,1.6458,113.0,1024.0,0.10139999999999999,-63.76682350129199,118.36300755549144,-1.9889999999999999,-90.125,-0.6941999999999999,0.7799999999999999,-1024.0,127.13107107507408,134.6357,29.242858775267166,59.055,176.7418,130.45096405180666,3096,5
IronConcentration,3105.687799881016,238.63288786868017,3118.338641643524,2948.383938252926,3258.566188097,3923.452430129051,2462.4944940805435,1.8395515244252942,0.17086938737540963,1.843938410282135,1.7413072884082794,1.9577040076255798,2.364139437675476,1.250882089138031,1.8098413752220373,0.13906345446892784,1.8172136606314244,1.7181724581893507,1.898931345044872,2.2863941900518947,1.4350201014455382,1716,0.3741536146663151,0.034677114673332426,0.37361874657138067,0.35447973531121446,0.39589854918684264,0.49233739830285383,0.24847583871329135,0.14119342964993684,0.02576182120260595,0.13959096778956956,0.12565588777159592,0.1567356655297929,0.24239611376762293,0.06174024242427357,1.8484111498860336,0.1394062353747238,1.8544286307415085,1.7550350936246615,1.9406817071544968,2.3258907584268522,1.4838188074402603,2.585772780271677,0.16361397592531313,2.5689470767974854,2.477077603340149,2.686201810836792,3.1368231773376465,1.95427668094635,2.585772780271677,0.16361397592531313,2.5689470767974854,2.477077603340149,2.686201810836792,3.1368231773376465,1.95427668094635,0.0,0.0,0.0,0.0,0.0,0.0,0.0,113.25430114566284,93.4,80.11683395034294,1.26,648.0,138.72722807805002,611,1
LPGasMonitoringHomeActivity,5715.297573490632,459.4790628609986,5700.4895,5348.319975,6012.7742,6991.952899999999,4570.277999999999,57.15311228313671,4.595180693602419,57.001875,53.46785,60.1434,69.9059,45.695899999999995,57.152975734906306,4.594790628609986,57.004895000000005,53.48319975000001,60.12774199999999,69.919529,45.70277999999999,100,0.10889072881015194,0.13176274844479985,0.07172210291309092,0.03549993570418832,0.1337417406183642,2.0230688189666215,0.00016155494421356625,0.029218612698533653,0.1327201036069899,0.005144060200000021,0.001260246348999999,0.01788685328099999,4.092807446275001,2.6099999999848502e-08,57.1532336597747,4.59476192195489,57.00503888946846,53.48327886333287,60.12806424580465,69.91953307039243,45.7027842784485,57.32697397640528,4.600718993267603,57.18585,53.658475,60.357125,70.451,45.7471,57.32697397640528,4.600718993267603,57.18585,53.658475,60.357125,70.451,45.7471,56.982298438584316,4.598577205882319,56.8077,53.334875,59.98505,69.8988,44.7016,9.34830655943789,9.688013399999997,1.3043437151715758,2.779983299999999,11.372553999999994,9.438863705793038,2882,1
LiveFuelMoistureContent,672419.1161902858,466482.60194307344,633711.0,291784.0,943702.0,11959955.0,44530.0,1525.8936169726735,1041.0872684443796,1339.0,654.0,2288.0,32767.0,6.87,1842.2441539459885,1278.0345258714342,1736.194520547945,799.4082191780822,2585.4849315068495,32767.0,122.0,365,1172.656341065191,2035.0427085146878,382.7465272927053,159.54379651428798,1123.6074029623262,15742.773809494907,0.0,5516521.719719198,18690550.067912538,146494.9041546256,25454.22300619253,1262493.5959917435,247834927.21691877,0.0,2362.263203670011,2227.8846577804434,1966.6189315466809,873.1020480455707,2835.0405718147344,32767.0,122.0,6742.6649595956715,10179.881108464111,2953.0,1351.0,5259.0,32767.0,122.0,6742.6649595956715,10179.881108464111,2953.0,1351.0,5259.0,32767.0,122.0,926.063278889809,737.6090716838629,676.0,357.0,1453.0,32767.0,0.0,117.23376174295423,111.5,41.43753888038865,7.0,456.0,124.34156393124336,5003,7
MadridPM10Quality-no-missing,3926.87779191681,4604.666527592388,1651.394996881485,127.87750001251698,7420.075006246567,24863.480018615723,9.22999997250735,21.65974495598861,26.06937952197204,9.0,0.6399999856948853,39.60875082015991,138.35000610351562,0.0299999993294477,23.374272570933396,27.408729330907065,9.829732124294555,0.761175595312601,44.16711313242004,147.99690487271263,0.054940476026829464,168,10.695136690328045,12.948033430714817,3.0492387274375385,0.442932334652464,21.51807822107128,107.29144210466545,0.0,282.0375185477096,495.729351128249,9.29785684137742,0.1961890530814669,463.0277145081364,11511.453548898779,0.0,25.8792156526532,30.164528464844164,10.37188264659433,0.8988093978023406,50.36938747336934,175.17129411823848,0.07688891178374117,60.55640900672396,71.57779976087753,22.710000038146973,2.859999895095825,114.0,628.5999755859375,0.1000000014901161,60.55640900672396,71.57779976087753,22.710000038146973,2.859999895095825,114.0,628.5999755859375,0.1000000014901161,6.481555910360258,7.397964966772774,5.21999979019165,0.2199999988079071,9.050000190734863,62.959999084472656,0.0,30.178112866751686,28.475565547034854,12.823007659716408,4.053571428571429,94.27708332311539,32.78944985265153,6922,3
MagnesiumConcentration,2409.8296744359077,428.9302267370943,2458.0087473988533,2099.6679038256407,2726.2293189466,3659.6666119098663,1241.2256251752988,0.3979259914947952,0.11984649362513129,0.4093994200229645,0.30869434773921967,0.4793584495782852,0.8095360696315765,0.09026142582297325,0.6735130448395494,0.11987988449890843,0.6869784089991205,0.5868272509294692,0.7619422355915595,1.0228246539714552,0.3469048700881215,3578,0.48972378482372597,0.045503067403601015,0.4900966286414056,0.4589073387419035,0.5207648594237086,0.6252627852678454,0.323865497727696,0.24189991456521168,0.04431050411653275,0.24019470540567178,0.21059594555117617,0.271196038810595,0.39095355064090376,0.10488886061840827,0.8357779124452922,0.10661240035902769,0.844432759575993,0.7531136456610875,0.9157293879496742,1.1027112904095124,0.5690258449561202,1.9055056888033532,0.1464330657944674,1.9010217189788818,1.8135454654693604,1.9906233549118042,2.6055736541748047,1.4173552989959717,1.9055056888033532,0.1464330657944674,1.9010217189788818,1.8135454654693604,1.9906233549118042,2.6055736541748047,1.4173552989959717,0.2180613215865552,0.11287648810868396,0.23150500655174255,0.14034684002399445,0.2895452380180359,0.6891611814498901,-0.06742709875106812,327.2119950650516,157.0,452.43276924273613,0.001,4740.0,558.3575023218567,2229,1
ManganeseConcentration,3090.4580498287664,292.4719703865638,3105.2270468473434,2965.259665429592,3257.8657272458076,3772.3088891506195,-256.53055834339466,1.8297538526536083,0.19919900778807512,1.8344102501869202,1.7451070845127106,1.949193149805069,2.2933149337768555,-0.16495918482542038,1.8009662295039435,0.17043821118098126,1.8095728711231605,1.7280067980358929,1.8985231510756455,2.198315203467727,-0.1494933323679456,1716,0.37509294573986107,0.03655679060927714,0.3753214020672606,0.3549499958502562,0.39831281187581224,0.4923745143537414,0.05150468000348224,0.1420311168834569,0.02514397855452643,0.1408661548497343,0.12598950069143833,0.15865310968410196,0.24243266238508268,0.002652732062261103,1.8404027556563027,0.1657629557541951,1.8491961281171103,1.7628766730096714,1.937956588651901,2.2347883294494375,0.05833612292253255,2.588739552932948,0.20425823340633525,2.5844244956970215,2.483824849128723,2.703704833984375,3.166348695755005,0.10941345989704132,2.589028111822086,0.20085157492454186,2.5844244956970215,2.483824849128723,2.703704833984375,3.166348695755005,0.23831774294376373,-0.0007898936782843157,0.014015820623498598,0.0,0.0,0.0,0.0,-0.285722941160202,103.90748445171849,72.5,107.29513762988385,0.57,686.6,149.3620162025802,611,1
MethaneMonitoringHomeActivity,2725.198715648855,91.70521929829465,2727.0298000000003,2671.9061500000003,2781.4117000000006,3030.5139000000004,2448.1402000000003,27.251574097848717,0.9173981862625646,27.272199999999998,26.721787499999998,27.8187125,30.306350000000002,24.4829,27.251987156488546,0.9170521929829465,27.270297999999997,26.719061500000002,27.814117000000007,30.305139000000004,24.481402000000003,100,0.027340620972417386,0.028118387542880027,0.018858460414440684,0.00988383903419739,0.03426508459591013,0.3210600383401834,0.001056179908916842,0.0015381532731689798,0.0047951569219074645,0.0003556415309999999,9.769027799999993e-05,0.0011740961189999947,0.103079548219,1.1155159999995885e-06,27.252015082106755,0.9170609685134753,27.27029886836725,26.719063195053494,27.814159013673347,30.30514254644086,24.48140309189406,27.296309888965997,0.9237689814855286,27.3172,26.7591,27.858525,30.3254,24.4923,27.296309888965997,0.9237689814855286,27.3172,26.7591,27.858525,30.3254,24.4923,27.20915340041638,0.9112043129325589,27.226750000000003,26.6855,27.781275,30.2737,24.4506,12.374011114850797,12.442259000000004,0.5828383423701647,7.261170299999999,13.420196999999998,12.387729880966402,2882,1
MetroInterstateTrafficVolume,1956.509519975288,2841.7309111810778,30.384999999999998,0.0,4774.5425,9831.81,0.0,81.28887283772652,119.07783029870025,0.1875,0.0,132.74,303.515,0.0,81.52122999897036,118.40545463254493,1.2660416666666667,0.0,198.93927083333332,409.65875,0.0,24,7.542985689695233,30.63753186238903,0.560284354547383,0.0,5.207039987504307,1964.5480073380588,0.0,995.5549917338499,55377.685990067584,0.3139203993055535,0.0,27.113267187500057,3859448.8731359374,0.0,84.1815376150925,120.72525147531185,2.449489742783178,0.0,226.5492137556783,2006.8057117188748,0.0,93.90097775947282,182.92066190452093,7.25,0.0,251.755,9831.3,0.0,93.90097775947282,182.92066190452093,7.25,0.0,251.755,9831.3,0.0,71.69906836902801,119.67932975427767,0.0,0.0,90.0,297.888,0.0,3292.3887630422846,3502.8125,555.2700213652323,277.25,4055.5,3338.884329178543,1214,4
NaturalGasPricesSentiment,57.783333333333324,16.494895224243812,56.38000000000001,48.29,60.05,110.23000000000002,31.349999999999994,2.8562903225806457,0.7860083255003154,2.795,2.41,2.995,5.545,1.6549999999999998,2.8891666666666667,0.8247447612121905,2.8190000000000004,2.4145,3.0025,5.511500000000001,1.5674999999999997,20,0.2347950533287891,0.508805210871263,0.12070211265756697,0.07677727528377133,0.22209176031541555,4.836979532724942,0.024819347291981795,0.3140114596774194,2.4109124522651566,0.01456899999999999,0.005894750000000004,0.04932474999999999,23.396371,0.0006160000000000041,2.919295418677234,0.9051042299604286,2.819773040512303,2.4313833510987113,3.0045074471533595,7.085033521445046,1.6130328576938535,3.4393548387096775,2.374832560685867,3.0,2.7,3.27,23.86,1.85,3.4393548387096775,2.374832560685867,3.0,2.7,3.27,23.86,1.85,2.5602150537634407,0.7463070060640365,2.6,2.08,2.85,4.81,0.0,-0.2988402024171022,-0.3041475548194005,0.08789783330339725,-0.5199578351126266,-0.06869880430973492,0.31149878921133295,93,1
NewsHeadlineSentiment,48.85946242765299,385.57997779097377,1.0,0.0,9.0,49211.0,-1.0,0.0552843377743575,0.9152913072526396,0.0,0.0,0.0,159.5,0.0,0.3393018224142568,2.677638734659539,0.006944444444444444,0.0,0.0625,341.74305555555554,-0.006944444444444444,144,1.7298144129384363,16.175053367554053,0.1428261375083551,0.11785113019775792,0.43010729353338956,4045.0685232256164,0.0,264.6246093464311,34471.81803703916,0.020399305555555556,0.013888888888888888,0.18499228395061731,16362579.357590668,0.0,1.7778668215503817,16.393555862939078,0.14433756729740643,0.11785113019775792,0.4330127018922193,4059.4787440767705,0.0,18.59477257787825,188.21194902430827,1.0,1.0,4.0,48712.0,0.0,18.608825132669583,188.21059747657236,1.0,1.0,4.0,48712.0,0.0,-0.7758966219357735,0.4171826695662439,-1.0,-1.0,-1.0,5.0,-1.0,-0.027529731934651695,-0.0260643017571343,0.14172963804248567,-0.755433425137583,0.964646239710943,0.14437858719369637,83164,3
NewsTitleSentiment,48.85946242765299,385.57997779097377,1.0,0.0,9.0,49211.0,-1.0,0.0552843377743575,0.9152913072526396,0.0,0.0,0.0,159.5,0.0,0.3393018224142568,2.677638734659539,0.006944444444444444,0.0,0.0625,341.74305555555554,-0.006944444444444444,144,1.7298144129384363,16.175053367554053,0.1428261375083551,0.11785113019775792,0.43010729353338956,4045.0685232256164,0.0,264.6246093464311,34471.81803703916,0.020399305555555556,0.013888888888888888,0.18499228395061731,16362579.357590668,0.0,1.7778668215503817,16.393555862939078,0.14433756729740643,0.11785113019775792,0.4330127018922193,4059.4787440767705,0.0,18.59477257787825,188.21194902430827,1.0,1.0,4.0,48712.0,0.0,18.608825132669583,188.21059747657236,1.0,1.0,4.0,48712.0,0.0,-0.7758966219357735,0.4171826695662439,-1.0,-1.0,-1.0,5.0,-1.0,-0.005399292449947676,0.0,0.13664924072679183,-0.9506944444444441,0.962353560852284,0.136755867699228,83164,3
OccupancyDetectionLight,14182.260459519119,21943.826721647205,1242.3917500000002,0.28963991045238346,27631.475000000002,118419.71666666665,0.16158710157024558,236.0846559583294,365.3217794335651,20.7,0.004824233790349524,458.85416666666686,1993.5,0.0026908355879058,236.37100765865196,365.73044536078675,20.70652916666667,0.004827331840873058,460.52458333333334,1973.661944444444,0.002693118359504093,60,7.31597630920296,21.34583798512931,0.05312985328860147,5.288038197662592e-05,3.418165765273412,215.16884611384387,3.552713678800501e-15,509.1683086442082,2778.472905329426,0.002822802854938074,2.7963682356444056e-09,11.683859953703577,46297.63233796303,1.262177448353619e-29,236.6407146783095,366.25176093849575,20.70663377872819,0.004827775935132863,460.72295749800446,1973.963037759272,0.0026931277550928624,252.9486456537211,401.4569513374972,20.802500000000002,0.004890642090771475,469.3125,2076.5,0.0027093212027033,252.9486456537211,401.4569513374972,20.802500000000002,0.004890642090771475,469.3125,2076.5,0.0027093212027033,224.54124012268568,343.24488090292385,20.6,0.00473314567593755,450.5,1895.0,0.002674126913904,127.76770588235296,0.0,199.02249411529732,0.0,797.5105555555555,236.5048410293392,340,3
PPGDalia-equal-length,-4.355686396780376,1025.0627900492684,-12.53125,-148.28125,149.8125,22156.67,-22146.629999999997,1.080328907010758,6.648888440023978,0.046875,-0.484375,0.78125,141.10500000000002,-113.11,-0.017014399987423344,4.004151523629955,-0.0489501953125,-0.5792236328125,0.585205078125,86.5494921875,-86.51027343749999,256,16.996621943461253,38.20848708448081,0.1890622658575088,0.05609781686033535,1.484667400009298,676.8262878602216,0.0,1748.7736427738855,6889.524822201225,0.03574454039335251,0.003146965056657791,2.204242182713747,458093.8239386475,0.0,17.362326659792373,38.253846533996345,0.6949571708603497,0.3615603138825264,1.4979130455035967,677.2456170539239,0.0,37.63164778940678,89.15374745538905,0.703125,-0.015625,2.01328125,1933.11,-1.015625,47.18197039178787,110.13719944784783,1.046875,0.640625,2.43,2594.22,0.0,-42.90479393364453,102.55743252917752,-0.765625,-2.15,-0.078125,1.015625,-2594.22,89.42866968204825,85.28552485873075,22.82712212428882,41.690850590164075,187.01542534324474,92.29606961067245,64697,4
ParkingBirmingham-equal-length,8718.881287726359,8168.5651837368405,6618.5,3012.5,10167.0,42584.0,104.0,682.6637323943662,653.0055483721264,511.0,227.875,813.5,3418.0,1.5,622.7772348375969,583.4689416954886,472.75,215.17857142857144,726.2142857142858,3041.714285714286,7.428571428571429,14,192.11539335296214,211.87425244122835,118.25948089517061,65.8017216046398,225.28226717267228,1295.2390627184761,0.0,81799.02321069274,200759.91096816314,13985.30612244898,4329.871173469388,50752.112244897966,1677644.2295918367,0.0,656.9523296976002,615.2236584127802,494.34850482630645,228.70703867865865,765.2733302954347,3086.257766292375,14.976171549689003,827.8933601609658,778.5072936936314,603.0,300.0,1013.0,4270.0,19.0,827.8933601609658,778.5072936936314,603.0,300.0,1013.0,4270.0,19.0,274.84758551307846,276.0143309222402,193.0,70.0,375.0,1773.0,-8.0,0.4934287100230121,0.500750600268237,0.22409582109899623,0.05025252525252526,0.9517188103514873,0.5419324947897174,1988,1
PhosphorusConcentration,2388.6701003376493,427.2831591189874,2445.19455447793,2078.0402226466686,2699.81895114854,3724.1426008343697,1270.1752280134556,0.3908614702887329,0.11893381114622623,0.4050165265798569,0.3016544170677662,0.47291962802410126,0.8190353810787201,0.09311768412590027,0.6675992454828532,0.11941955257657558,0.6833970247283203,0.5807826223160057,0.7545609142393906,1.04084477384974,0.35499587144031736,3578,0.49149260619191565,0.04584689633410552,0.4912349012143591,0.4604277129636254,0.5239905289461867,0.6150173086693816,0.3236952184410099,0.24366691984479175,0.044958596572911895,0.2413117288492961,0.211993679379039,0.27456609891358086,0.3782462899629294,0.1047785944415731,0.8320199223592111,0.10658119322389091,0.8446598288629661,0.7511649045953437,0.9089872299120434,1.107060206248646,0.5643039694734374,1.9092416358694062,0.1504003263924518,1.9038718342781067,1.8147051334381104,1.9941543340682983,2.543966293334961,1.3915170431137085,1.9092416358694062,0.1504003263924518,1.9038718342781067,1.8147051334381104,1.9941543340682983,2.543966293334961,1.3915170431137085,0.21100450938386164,0.11069583161134593,0.22428514063358307,0.13250545412302017,0.27891483902931213,0.7053029537200928,-0.06769010424613953,12.465415480427046,5.21,27.582301508458873,0.001,396.0,30.268299251910452,2248,1
PotassiumConcentration,2391.2487021906963,425.57011078259285,2438.45487832278,2094.730903347954,2687.8880591392517,3738.679513335228,1272.5091639349703,0.39227098622964907,0.11777099598974193,0.4028244987130165,0.3093804828822613,0.4667533449828625,0.8116203248500824,0.09400030225515366,0.6683199279459743,0.11894077998395551,0.6815133813087704,0.5854474296668402,0.7512263999830218,1.0449076336878782,0.35564817326298775,3578,0.488818385156295,0.046020189294198634,0.48834128035438323,0.4583087709019249,0.5199121442771115,0.6212108309393998,0.3134916293862267,0.2410612714894818,0.04459873856741679,0.23847720650784082,0.21004693914775918,0.2703086397555032,0.3859028964764195,0.09827700169523132,0.8309378861517653,0.10677984866079226,0.839016564462375,0.754713958068594,0.9082122845806221,1.1177292291976484,0.5703943344993899,1.9089868181489509,0.1546347516112522,1.9038176536560059,1.8140829503536224,1.9934101104736328,2.595621347427368,1.3971917629241943,1.9089868181489509,0.1546347516112522,1.9038176536560059,1.8140829503536224,1.9934101104736328,2.595621347427368,1.3971917629241943,0.2151640599478671,0.10998798459122822,0.22451844811439514,0.14397434145212173,0.28188059478998184,0.7068284153938293,-0.06331315636634827,174.45775605381164,86.4,316.297766347928,0.001,5047.0,361.21985776535007,2230,1
PrecipitationAndalusia-no-missing,24731.636604910713,27465.066871826835,12775.205,3658.8830000000003,30872.99,96818.198,131.169,71.50788616071429,83.51323488150813,34.1,8.7335,78.925,296.1,0.322,67.75790850660469,75.24675855295024,35.00056164383562,10.024336986301371,84.58353424657534,265.25533698630136,0.3593671232876713,365,28.690220738203536,37.33251286074629,8.886292149697901,3.519011702670702,30.023136720362235,135.3162882251709,0.1528782020843601,2216.845282504632,3961.629586668519,78.96899298965658,13.320768859647215,1006.6703112355751,18310.497859037525,0.023371744672546442,74.12320681444332,83.521280713141,37.10620828094695,11.63911313677282,89.37539114993655,274.9687494439402,0.39684372204436774,121.44348846726189,138.68558278916308,59.33,22.72,145.875,360.0,1.113,121.44348846726189,138.68558278916308,59.33,22.72,145.875,360.0,1.113,8.650341889880952,12.620950575663251,2.5795000000000003,0.5365,16.7525,145.1,-17.91,1.4798377549186013,1.4090478699382802,0.580686922156544,0.28767123287671237,5.333698630136988,1.5896908763801114,672,4
SierraNevadaMountainsSnow,173.15404933333332,254.25172166836663,120.0,7.0,276.95875,837.0,-350.0,4.832798333333333,8.649274073667332,1.0,0.0,8.0,29.0,-12.0,5.7718016444444435,8.475057388945553,4.0,0.23333333333333334,9.231958333333335,27.9,-11.666666666666666,30,5.133770805645119,4.877446811211361,3.861058980740753,2.623875059870678,5.564835261563022,36.56440284697065,0.0,50.14509008108999,124.9887873999095,14.90777777777778,6.884722222222221,30.967391583333338,1336.9555555555555,0.0,9.791749836582742,7.7075947731834,7.385622063033175,4.44228934017211,13.943007746544964,45.85193561890272,0.0,19.965001333333333,22.192856819466293,14.0,5.0,27.0,158.0,-4.995,21.966983,20.892157045118097,15.54,10.0,27.0,158.0,0.0,-0.960194,7.569729115234618,0.0,-4.0,0.0,23.0,-24.0,66.767056,18.14,99.89696434086905,0.0,603.5,120.15508000674794,500,3
SodiumConcentration,3076.663136878758,269.81769309860243,3107.7695742845535,2923.300241827965,3245.1977621912956,3745.9268338680267,-14.908272679776417,1.816970463019383,0.18954760702423099,1.8356282711029053,1.7228565216064453,1.9329795241355896,2.274214029312134,-0.007738728309050202,1.7929272359433324,0.15723641788962847,1.8110545304688541,1.7035549194801658,1.8911408870578645,2.182941045377638,-0.0086878045919443,1716,0.3728450542819876,0.03633011033224784,0.37424759488436055,0.35202877116279646,0.39543086426461793,0.47471513727373865,0.013313598884506889,0.1403333114192916,0.025288012482351036,0.14006126227672844,0.12392425949718032,0.15636556841542212,0.22535446155682454,0.00017725191525754308,1.8316409629919368,0.1572770123299074,1.848386037220013,1.7430260366206183,1.929469914607763,2.221440480044718,0.015897479796664362,2.5819090859599325,0.18163709494897473,2.579840660095215,2.4839515686035156,2.6862967014312744,3.1281518936157227,0.12238273024559021,2.5820732860529834,0.1794454349403233,2.579840660095215,2.4839515686035156,2.6862967014312744,3.1281518936157227,0.2220521867275238,-0.0003658190885132188,0.009005393103330315,0.0,0.0,0.0,0.0,-0.2220521867275238,86.78161433278419,34.1,566.2610825578151,0.5399,12700.0,572.8722913579893,607,1
SolarRadiationAndalusia-no-missing,14628.995106770835,8569.5192161565,12775.205,6298.51975,23027.46725,29458.715,4365.278,40.33725892857143,24.58516966629992,34.1,16.32,64.845,82.0,10.34,40.07943864868721,23.478134838784932,35.00056164383562,17.256218493150683,63.08895136986302,80.70880821917808,11.959665753424659,365,11.537954406330314,5.277112992328726,8.886292149697901,6.8604472949807755,16.585984750606187,24.099129835772157,4.077976667617482,160.9723134163618,134.27316494265537,78.96899298965658,47.065737505340586,275.0948905498367,580.7680588414037,16.62989370163258,41.8358882360696,23.839357936351895,37.10620828094695,18.44990314419474,65.27656336476478,81.44486052685188,14.013458527478855,62.82095833333332,31.90726597355985,59.33,30.98,94.2,100.0,25.86,62.82095833333332,31.90726597355985,59.33,30.98,94.2,100.0,25.86,13.749889136904761,11.681445725718957,10.59,3.2177499999999997,23.625,49.51,-17.91,18.055371925624975,18.056650684931505,0.7731082329930765,15.284572602739727,20.698030386740335,18.07191610517734,672,2
SteamPredictor,8033.16655453195,12393.05068594749,1851.347613826401,464.0838719911448,6758.464490019577,45330.0,-3558.7000000000003,48.75527244205071,78.85371682682096,11.1,2.6,29.549999999999997,310.0,-22.2,47.816467586499705,73.76815884492554,11.019926272776196,2.7624039999472902,40.22895529773558,269.82142857142856,-21.182738095238097,168,28.188291324931196,43.68482754748892,4.373773338095978,2.2885119806936363,16.039666397936877,145.6693262927755,0.7487205640245211,2702.9439256730384,5032.739978570443,19.129983744851863,5.237287086504084,345.52255072912476,21219.5526225911,0.560582482993197,57.50850791045061,84.4030288283994,13.062558306663714,4.830870465771479,48.272058926514546,281.98383101231343,1.6347728788118459,100.20790092005356,146.99083265062188,20.6,9.3,79.55,360.0,-12.8,101.29864030250664,146.3288488084018,21.1,10.8,79.55,360.0,4.1,1.107852369149674,9.290541427224367,0.0,0.0,4.143636880700712,50.0,-35.0,8793.298945564906,829.761908547684,31628.097418079433,61.24551273458445,199306.1813585836,32827.71165697657,300,4
SulphurConcentration,1175.1783834252653,304.98953579914377,1119.764742642641,966.1524250358343,1349.4838249236345,2217.07659637928,411.60529678314924,0.46684252464865134,0.12939705454088601,0.44004833698272705,0.37630990147590637,0.5396974086761475,0.9115760326385498,0.14700564742088318,0.5093967851865042,0.1322017927174442,0.4853770015789515,0.4187916883553682,0.5849518096764779,0.9610214982138189,0.17841582001870362,2307,0.23239103021793614,0.019706188014652275,0.23119156463128307,0.21934470700740083,0.2439566186328062,0.30558574935620536,0.17671861446419238,0.05439392477182253,0.00937560005581838,0.053449539556660736,0.048112102792292125,0.05951483214834277,0.09338265020959356,0.031229468698143865,0.5626990966249357,0.12135093813133649,0.5406102589178344,0.4792737851436765,0.628392001838886,0.9823284783513125,0.2692990526609732,2.9027803360946534,0.3644896317660764,2.8190290927886963,2.6194870471954346,3.1561626195907593,5.067076206207275,2.2008562088012695,2.9027803360946534,0.3644896317660764,2.8190290927886963,2.6194870471954346,3.1561626195907593,5.067076206207275,2.2008562088012695,0.38065536942068984,0.1316765495372815,0.3498123288154602,0.2843080312013626,0.4462793171405792,0.8895047903060913,0.11360925436019897,30.963070866141738,8.234,216.03067200093258,1.49,3940.0,218.23831699001948,635,1
TetuanEnergyConsumption,9986.505608791209,10973.569874541507,7612.1,2044.335,12178.85,48249.460999999996,9.278000000000002,29.72040824175824,34.85177771678049,15.4025,0.182,57.626250000000006,177.4,0.056999999999999995,69.3507333943834,76.20534635098268,52.861805555555556,14.196770833333334,84.57534722222222,335.06570138888884,0.06443055555555557,144,70.46491030244887,101.71492725099557,9.113041576026905,1.7724445937874989,115.30784078908326,360.7052259527165,0.0013095204274848297,15311.230009607485,30578.99955803982,83.04753478973765,3.1415607771508487,13295.89842623722,130108.26002960026,1.714843750000051e-06,103.55714360118074,123.30420533616842,64.01313565381595,14.43737562854151,141.9337416998679,491.1930523312954,0.06464142548620729,246.03593681318682,301.266640999836,85.55,17.7475,462.65,1163.0,0.073,246.03593681318682,301.266640999836,85.55,17.7475,462.65,1163.0,0.073,13.378390659340658,20.41419300492773,0.082,0.056,19.2325,86.2,0.004,26693.739822953787,26371.440576128472,2240.424807113973,21896.029474892362,33198.929062083334,26787.595059129148,364,5
VentilatorPressure,317.6825613121523,410.65614393872914,52.0,50.0,436.862631288568,2723.9556785459704,0.0,2.4861623629863265,1.717479943302657,1.0,1.0,4.5598752145998285,8.142571427224794,0.0,3.971032016401904,5.133201799234113,0.65,0.625,5.4607828911071,34.04944598182463,0.0,80,4.781182717149417,7.23742105645786,0.4898979485566357,0.4841229182759271,5.637484107206778,42.02470269281977,0.0,75.23997172322791,199.53382678176894,0.24000000000000007,0.234375,31.781227062961797,1766.0756364198937,0.0,6.30229629415011,8.811350017501232,0.806225774829855,0.7905694150420949,8.008998688936284,54.05689006359238,0.0,18.51003926131496,28.280170025620595,1.0,1.0,23.65773601454882,100.0,0.0,18.51003926131496,28.280170025620595,1.0,1.0,23.65773601454882,100.0,0.0,0.008583789388260304,0.08306275964047104,0.0,0.0,0.0,1.1712427916399664,0.0,11.220408111543685,10.964275662099059,3.1443899385437555,-1.7393220209356979,26.88331772270883,11.652671207719305,75450,2
WaveDataTension,0.00823924735499217,12.396836844151988,0.09921953200000007,-8.219852398999999,8.489898913,41.043178194999996,-51.126241844,-0.005020946159006868,0.23487952015450284,-0.001431669,-0.162381084,0.150361665,0.787404006,-0.817269451,0.00014454819921038632,0.217488365686877,0.0017406935438596504,-0.14420793682456137,0.14894559496491228,0.7200557578070175,-0.8969516112982456,57,0.18320264463766855,0.08362405737796606,0.166083805431158,0.12006307059169685,0.22859486934944762,0.5520201057923931,0.04083382496840059,0.04055619197458923,0.03928506594285125,0.027583830426494746,0.01441514091990678,0.05225561429289102,0.3047261971990449,0.0016674012615499753,0.271533275655299,0.11885740317634103,0.252091029726604,0.18295667100279278,0.34113083915267445,0.9141709273057109,0.06956494664315131,0.31413599191653463,0.23751534290807239,0.307957526,0.15518546,0.469490984,1.171719263,-0.574719593,0.47044062276122556,0.1711378781767755,0.452184912,0.345228297,0.571383005,1.171719263,0.124568064,-0.2996212842562071,0.23473986819257323,-0.29916809,-0.459888478,-0.129609018,0.382524523,-1.165779565,2494.704856027942,2493.5593347543863,17.760403491543748,2435.8529888596495,2553.786055701755,2494.7680755175575,1893,1
WindTurbinePower,133365.10231534674,254024.9144560313,8929.995102405548,1433.6151013113558,181385.1398051083,1311660.3717775345,-31731.261878415942,37.02602051891072,56.613902067252155,39.84064292907715,10.975749969482422,83.2428789138794,101.17667388916016,-309.1117553710937,926.1465438565747,1764.0619059446617,62.01385487781631,9.955660425773305,1259.6190264243633,9108.752581788434,-220.35598526677737,144,4589.9838897767595,8084.639328402813,59.776443798389835,23.572265553050023,11691.389578457663,28651.55431713934,0.039702119309125365,86429345.17876768,166982048.9276045,3573.2296117207534,555.6535356095508,136688590.28767774,820911564.7879859,0.001576258277636025,4710.77056026823,8258.792147522568,94.08634500046594,66.95363660607947,11785.057594072265,30046.086067083164,19.145470263344723,25298.1404075214,43398.546471718735,101.12527465820312,83.88896560668945,99999.0,99999.0,6.502116680145264,25373.891752354975,43354.62772902055,300.9198760986328,101.1410903930664,99999.0,99999.0,41.373233795166016,-125.0042132363729,158.15037416603866,-53.68282890319824,-321.3995590209961,15.4459707736969,101.0517807006836,-327.67999267578125,1154.1690608537044,1033.6788134877052,882.5698940120998,-28.182713439895046,2768.9514668782554,1452.940411320592,852,1
ZincConcentration,1158.0554483391156,293.59043232004456,1096.1562432944775,955.4031662717462,1324.9316027909517,2236.1683623194695,523.1054551154375,0.4598967453593728,0.12516691089885504,0.43307140469551086,0.37235377728939056,0.5288092941045761,0.9352247714996338,0.1891356110572815,0.5019746199996167,0.12726069888168381,0.4751435818354909,0.41413227840127703,0.5743093206722808,0.9692970794622754,0.22674705466642284,2307,0.23131792466574214,0.01900973875770809,0.22997251652829176,0.21857039031429504,0.24266262269641597,0.30359653541074844,0.17739658837163966,0.05386935243930227,0.009033717970814726,0.05288738032689527,0.04777301552255456,0.05888514925333334,0.09217085631340982,0.031469549565896954,0.5555517252455887,0.11578185358494815,0.5296473512361203,0.47496627038043926,0.6190541018460691,0.9917852159148439,0.3145240247848233,2.8485644249796116,0.3332762584012433,2.772239089012146,2.6086325645446777,3.0601731538772583,4.240030288696289,2.2944464683532715,2.8485644249796116,0.3332762584012433,2.772239089012146,2.6086325645446777,3.0601731538772583,4.240030288696289,2.2944464683532715,0.37349554032977644,0.12800285183962445,0.34086428582668304,0.28142149746418,0.43388327211141586,0.8624252080917358,0.11293371766805649,1.4650051886792455,1.081,1.5126292704011566,0.001,16.99,2.105774801001153,636,1
